|corrected|suggestions
0|bellt|
1|kuckt|['guckt', 'rückt', 'knickt', 'glückt', 'zuckt', 'zückt', 'bückt', 'duckt', 'guckst', 'kickt', 'klickt', 'knackt', 'guck', 'checkt', 'gucke', 'guckte', 'gurkt', 'juckt', 'kackt']
2|dann|
3|gekriegt|
4|lecken|
5|fällt|
6|wollte|
7|leckt|
8|vom|
9|kaufen|
10|ein|
11|Geld|
12|Mann|
13|gehen|
14|nachhause|
15|essen|
16|aber|
17|geben|
18|will|
19|gibt|
20|der|
21|ab|
22|alle|
23|fröhlich|
24|sind|
25|weitergegangen|
26|natürlich|
27|über|
28|ihr|
29|runter|
30|haben|
31|schnell|
32|hatten|
33|Kugel|
34|hatte|
35|gelb|
36|Eisverkäufer|
37|ihn|
38|Dann|
39|fängt|
40|geht|
41|stolpert|
42|hin|
43|Idee|
44|glücklich|
45|bekommen|
46|kaputt|
47|hingefallen|
48|teilt|
49|möchte|
50|passt|
51|weil|
52|und|
53|runtergefallen|['heruntergefallen']
54|er|
55|wegen|
56|weint|
57|hier|
58|kriegt|
59|bisschen|
60|auf|
61|schleckt|
62|alles|
63|Tröpfchen|
64|gestolpert|
65|wehgetan|
66|riech|['Sieg', 'reich', 'riecht', 'bieg', 'lieg', 'rieche', 'siech', 'wieg', 'sich', 'liegt', 'ging', 'ich', 'trägt', 'rasch', 'recht', 'reicht', 'mich', 'rief', 'Erich', 'Siege']
67|spazieren|
68|fallt|
69|eine|
70|sich|
71|gemerkt|
72|dass|
73|getropft|
74|gefallen|
75|richtig|
76|iss|
77|hinterher|
78|in|
79|Eiswagen|
80|sie|
81|stolper|
82|versucht|
83|gebt|
84|was|
85|wenn|
86|nicht|
87|gestorben|
88|heute|
89|traurig|
90|kam|
91|leckte|
92|Plötzlich|
93|fiel|
94|weiter|
95|Eisstand|
96|schmilzt|
97|frisst|
98|Aber|
99|wieder|
100|holen|
101|passiert|
102|stolperte|
103|verliert|
104|schnappen|
105|nett|
106|Park|
107|nimmt|
108|Vanille|
109|Erdbeere|
110|Waldmeister|
111|sagt|
112|pass|
113|tut|
114|Hälfte|
115|von|
116|rein|
117|Und|
118|jetzt|
119|einer|
120|fallen|
121|schön|
122|isst|
123|ist|
124|sehr|
125|ausgerutscht|
126|gegangen|
127|gegessen|
128|jeder|
129|teil|
130|hat|
131|Aufstehen|
132|unten|
133|geteilt|
134|freut|
135|Eis|
136|Ruhe|
137|auch|
138|sammelt|
139|ihrem|
140|tröstet|
141|Eiskugel|
142|Eismann|
143|schleckte|
144|weh|
145|zusammen|
146|zermatscht|
147|klettert|
148|tropft|
149|merkt|
150|kläfft|
151|Tropfen|
152|darf|
153|denn|
154|Erdbeer|['Erdbeere', 'Erdmeer', 'Erdheer', 'Erdteer', 'Erdiger', 'Erdbier', 'Erdbeben', 'Erdbär', 'Eroberer', 'Erdbäder', 'Erdbeeren', 'Erober', 'Erdberg', 'Erobere', 'Erdsee', 'Erdbeet', 'Erdader', 'Erdbeter', 'Erdbänder']
155|krieg|
156|nichts|
157|sies|['sie', 'dies', 'ließ', 'hieß', 'wies', 'Kies', 'Ries', 'lies', 'Kiez', 'sieh', 'zieh', 'Eies', 'mies', 'zier', 'Diez', 'Gieß', 'fies', 'gieß', 'sieze', 'siezt']
158|dir|
159|steht|
160|Danke|
161|Gehen|
162|schlecken|
163|einmal|
164|Hörnchen|
165|steh|
166|bedankt|
167|wars|"[""war's"", 'war es', 'warst', 'wärs', 'war', 'was', 'März', 'wäre', 'warf', 'Harz', 'Mars', 'warb', 'warm', 'Lars', 'ward', 'wär', 'wart', 'wärst', 'Bars', 'Darß', 'Sars', 'vors']"
168|tropf|['Tropf', 'traf', 'tropft', 'Kropf', 'doof', 'triff', 'troff', 'tropfe', 'treff', 'trotz', 'Dorf', 'Graf', 'darf', 'tief', 'trifft', 'Kopf', 'griff', 'droht', 'drohte', 'grob']
169|schups|['schubs', 'Schubs', 'schubse', 'schubst', 'schwups', 'schütz', 'gabs', 'gab', 'gibt', 'ganz', 'gut', 'groß', 'gute', 'schuf', 'Schutz', 'schoss', 'gebe', 'gutes', 'schützt']
170|runterfallen|['herunterfallen']
171|lassen|
172|froh|
173|schluckt|
174|plötzlich|
175|rennt|
176|los|
177|wollten|
178|kriegte|
179|vor|
180|Füße|
181|waren|
182|könnten|
183|abgeleckt|
184|mehr|
185|Eisdiele|
186|seine|
187|guckt|
188|Boden|
189|bestellen|
190|abkriegt|
191|bekommt|
192|immer|
193|hats|['hat es', 'hat', 'Satz', 'hast', 'Katz', 'Rads', 'Bads', 'Chats', 'Hatz', 'Kats', 'Latz', 'Rats', 'Dads', 'Mats', 'Pads', 'habs', 'als', 'aus', 'das', 'dass', 'hatte']
194|extra|
195|da|
196|gezeigt|
197|geleckt|
198|Bällchen|
199|lasst|
200|euch|
201|schmecken|
202|mitten|
203|hohen|
204|aufzustehen|
205|Schokolade|
206|Mädchen|
207|heißt|
208|gekauft|
209|Eiströpfchen|
210|indem|
211|bis|
212|war|
213|Freunde|
214|schöne|
215|frische|
216|können|
217|zwei|
218|Erdbeerkugel|
219|bitte|
220|dankeschön|['Dankeschön', 'danke schön', 'danke Schön', 'dank-gen', 'Dankeschöns', 'Langeschen']
221|sei|
222|kriegst|
223|keine|
224|gegeben|
225|merkst|
226|runterfällt|
227|ups|
228|schmilz|
229|doch|
230|teilte|
231|Später|
232|Eissorte|
233|wollen|
234|schlabbert|
235|hilft|
236|verwirrt|
237|unterwegs|
238|nach|
239|lauft|
240|Fuß|
241|schnappt|
242|sein|
243|Geschichte|
244|geschmolzen|
245|den|
246|Waffel|
247|Eistropfen|
248|fressen|
249|Hause|
250|aufgegessen|
251|ganz|
252|doll|
253|beide|
254|wollt|
255|nein|
256|das|
257|fragt|
258|Weg|
259|entlang|
260|liegt|
261|aus|
262|Strand|
263|Stück|
264|Schokoladeneis|
265|gingen|
266|rutscht|
267|Erdbeersorte|
268|getröstet|
269|Jetzt|
270|abzulecken|
271|gebellt|
272|esst|
273|kommt|
274|geb|['gebe', 'gäb', 'gab', 'gelb', 'gen', 'gäbe', 'geh', 'gib', 'keV', 'web', 'gebt', 'Pep', 'Web', 'geb.', 'gäbt', 'kWp', 'kleb', 'leb', 'der', 'den']
275|eins|
276|tropfen|
277|stellt|
278|Bein|
279|umarmen|
280|Schokokugel|['Schoko kugel', 'Schoko Kugel', 'Schokokuchen', 'Goldkugel', 'Schokokuchens']
281|etwas|
282|auffangen|
283|geling|['gelang', 'gelingt', 'gering', 'gelinge', 'gelyncht', 'gälisch', 'Reling', 'gelind', 'gelinkt', 'keine', 'ging', 'kein', 'kleine', 'geringe', 'klein', 'gelangt', 'Peking', 'beging', 'gelenkt']
284|rennen|
285|gesehen|
286|Schuh|
287|getreten|
288|die|
289|Zitrone|
290|sonnigen|
291|Blaubeer|['Blaubär', 'Blaumeer', 'Blaubeere', 'Blauer', 'Blauheer', 'Blaubier', 'Blaubeeren', 'Plumper', 'Blaubäder', 'Blaubeurer', 'Blauhäher', 'Blauteer', 'Blauleger', 'Klauber', 'Blaubeet', 'Belaubter', 'Blaubeter', 'Plapper', 'Blaupeer']
292|schwupp|
293|Aua|
294|dreckig|
295|weg|
296|komm|
297|fliegt|
298|übrig|
299|möchten|
300|schleckten|
301|rannte|
302|ganze|
303|zufrieden|
304|ihre|
305|sah|
306|uns|
307|ohne|
308|Pfefferminz|
309|Erdbeereis|
310|Vanilleeis|
311|gemeinsam|
312|verabredet|
313|als|
314|bezahlten|
315|versuchte|
316|abzubekommen|
317|hieß|
318|zwar|
319|retten|
320|wirklich|
321|lieb|
322|sprangen|
323|genommen|
324|kläffte|
325|kriegen|
326|abgibt|
327|bei|
328|fangen|
329|teilen|
330|geweint|
331|gefreut|
332|Ende|
333|ging|
334|Eissorten|
335|geschafft|
336|Tränen|
337|genug|
338|wird|
339|noch|
340|zum|
341|voll|
342|hinüber|
343|gestellt|
344|tröste|
345|kleckert|
346|hält|
347|durchgedreht|
348|Spaziergang|
349|gekuckt|['geguckt', 'gerückt', 'geglückt', 'geknackt', 'geknickt', 'gebückt', 'geduckt', 'beguckt', 'gecheckt', 'gejuckt', 'gekackt', 'gekickt', 'geklickt', 'gemuckt', 'geruckt', 'gezuckt', 'gezückt', 'gedeckt', 'gedruckt', 'gesucht']
350|böse|
351|gib|
352|weggegangen|
353|direkt|
354|ihren|
355|stehen|
356|ihnen|
357|ablecken|
358|hießen|
359|verletzt|
360|Da|
361|nehmt|
362|sagte|
363|Ja|
364|willst|
365|gibst|
366|Verkäufer|
367|angekuckt|
368|Ihm|
369|geschmeckt|
370|hingerannt|
371|abgegeben|
372|getrunken|
373|seinem|
374|holten|
375|große|
376|Klettergerüst|
377|stellte|
378|spaziert|
379|umgekippt|
380|Eiswarenstand|
381|bellte|
382|kein|
383|beim|
384|draußen|
385|Glück|
386|Freund|
387|einen|
388|außer|
389|danach|
390|verabredeten|
391|Hund|
392|leer|
393|kommen|
394|fragte|
395|weinte|
396|Hunde|
397|Hotdogstand|['Hotdog stand']
398|Hotdogs|
399|Hotdog|
400|läuft|
401|gekommen|
402|Danach|
403|Auf|
404|sieht|
405|Lolli|
406|wann|
407|woanders|
408|wartet|
409|telefoniert|
410|ich|
411|hängt|
412|Hatte|
413|gesagt|
414|Okay|
415|bringst|
416|du|
417|geduldig|
418|abhauen|
419|Futternapf|
420|verschwundene|
421|weiß|
422|aussieht|
423|liegen|
424|aufgehängt|
425|setzt|
426|Stift|
427|anruft|
428|aufschreiben|
429|ihm|
430|mal|
431|sucht|
432|Zettel|
433|zu|
434|zurückgeben|
435|Lutscher|
436|klebt|
437|Geschenk|
438|überall|
439|findet|
440|Träne|
441|Nachricht|
442|verschwunden|
443|Tisch|
444|Füller|
445|später|
446|glücklicher|
447|Posters|
448|für|
449|erfahren|
450|klingeln|
451|umarmt|
452|Steckbriefen|
453|Telefon|
454|gefunden|
455|gelächelt|
456|Lollipop|
457|sofort|
458|ruft|
459|mitgebracht|
460|neben|
461|Fenster|
462|sitz|
463|hast|
464|Straße|
465|öffnete|
466|umarmten|
467|verloren|
468|Suchzettel|
469|klingelte|
470|überglücklich|
471|getränt|
472|riesen|['Riesen', 'diesen', 'ließen', 'reisen', 'hießen', 'reißen', 'riefen', 'wiesen', 'rissen', 'Friesen', 'gießen', 'reizen', 'rieten', 'priesen', 'rieben', 'ritzen', 'fiesen', 'miesen', 'niesen', 'Dießen']
473|Hunger|
474|Frauchen|
475|zuhause|['zu Hause']
476|jemand|
477|geknuddelt|
478|Sogar|
479|endlich|
480|Hallo|
481|habe|
482|komme|
483|Telefonnummer|
484|es|
485|nix|['nichts']
486|Füttern|
487|klingelt|
488|vermisst|
489|werdet|
490|paar|
491|keiner|
492|gemeldet|
493|weinend|
494|drückt|
495|rausgestellt|['herausgestellt']
496|Jemand|
497|an|
498|Fressen|
499|überlegt|
500|könnte|
501|bringt|
502|niemand|
503|Plakate|
504|kamt|
505|Futter|
506|sitzt|
507|Zimmer|
508|falls|
509|Viertelstunde|
510|hüpft|
511|Plakat|
512|abgebildet|
513|Freude|
514|Tür|
515|nie|
516|hängte|
517|gewartet|
518|schenkt|
519|Poster|
520|geöffnet|
521|Wieder|
522|gerannt|
523|ihrer|
524|tröstete|
525|aufhängen|
526|musste|
527|Nachbar|
528|Minute|
529|schellte|
530|umarmte|
531|Morgen|
532|weggelaufen|
533|nächsten|
534|angerufen|
535|gefressen|
536|Plakaten|
537|erleichtert|
538|angekommen|
539|Hundefutter|
540|Futterschale|
541|Sekunden|
542|Freudentränen|
543|fraß|
544|freute|
545|wau|['war', 'was', 'Bau', 'van', 'au', 'Gau', 'rau', 'wär', 'Gäu', 'hau', 'lau', 'mau', 'kau', 'Sau', 'Tau', 'vag', 'wag', 'von', 'an', 'auf']
546|gelassen|
547|warte|
548|verzweifelt|
549|gemacht|
550|klopft|
551|Pfoten|
552|sien|['sie', 'sein', 'Wien', 'seien', 'Asien', 'sieh', 'säen', 'zieh', 'zier', 'Kien', 'spien', 'ziel', 'die', 'in', 'den', 'ein', 'eine', 'sich', 'einen', 'sind']
553|Nummer|
554|geschrieben|
555|Telefonzelle|
556|klingel|
557|hängen|
558|anrufen|
559|würde|
560|wartete|
561|Endlich|
562|freuen|
563|irgendwann|
564|vorbei|
565|schmeckt|
566|ersten|
567|tropften|
568|herunter|
569|langsam|
570|wurde|
571|besorgt|
572|verrückt|
573|klingeling|['klingeln', 'klingelnd', 'kringelig']
574|kling|['Kling', 'Aying', 'Aßling', 'Bing', 'Styling', 'gings', 'grins']
575|Kurz|
576|tun|
577|Anruft|
578|Klingelt|
579|bins|['bis', 'ins', 'bin', 'eins', 'Linz', 'Zins', 'pink', 'Hinz', 'Pins', 'biss', 'Binz', 'Gins', 'bind', 'piks', 'in', 'ein', 'eine', 'sind', 'eines', 'dies']
580|dingdong|['Pingpong', 'Sington']
581|Einmal|
582|Anruf|
583|Stadt|
584|verlorene|
585|Stuhl|
586|denkt|
587|Bürgersteig|
588|hektisch|
589|ziemlich|
590|jedem|
591|entlaufen|
592|vorsichtig|
593|nette|
594|kannte|
595|gleich|
596|herein|
597|urplötzlich|
598|verschwand|
599|Bilder|
600|nahm|
601|friss|
602|viel|
603|weggerannt|
604|mir|
605|zurückgekommen|
606|Antwort|
607|klemmt|
608|Wand|
609|fertig|
610|geworden|
611|gelben|
612|Handy|
613|Freudigkeit|
614|geklingelt|
615|aufgemacht|
616|mit|
617|gelaufen|
618|Klingeln|
619|lacht|
620|Flur|
621|macht|
622|Sorgen|
623|Spiegel|
624|Überraschung|
625|umarm|['um arm', 'umarmt', 'umarme', 'arm', 'warm', 'Darm', 'Imam', 'umkam', 'smart', 'umarmen', 'umarmte', 'umwarb', 'Alarm', 'Farm', 'Hubarm', 'Warm', 'Zugarm', 'baumarm', 'umarmst', 'umwarf']
626|geschenkt|
627|nimm|
628|hängten|
629|bist|
630|gebracht|
631|The|['TV', 'Die', 'Ehe', 'De', 'TC', 'Tee', 'Tue', 'Theo', 'Che', 'TB', 'TL', 'Rhe', 'TN', 'Thea', 'Tu', 'Der', 'TZ', 'Den', 'TeX', 'Des']
632|kuckte|['guckte', 'rückte', 'glückte', 'kickte', 'knackte', 'knickte', 'guckt', 'bückte', 'checkte', 'duckte', 'gucke', 'guckten', 'gucktet', 'gurkte', 'juckte', 'kackte', 'klackte', 'klickte', 'muckte', 'ruckte']
633|sonst|
634|haust|
635|Zetteln|
636|futtert|
637|klebte|
638|lächelte|
639|vorher|
640|Blätter|
641|gar|
642|fresst|
643|traurigen|
644|offen|
645|alleine|
646|besser|
647|flennt|
648|Würstchen|
649|getan|
650|Freundin|
651|schon|
652|raus|
653|muss|
654|schüttelt|
655|abends|
656|Suchplakat|
657|bekam|
658|Haustüre|
659|Junge|
660|hallo|
661|dich|
662|Minuten|
663|hörte|
664|lachte|
665|ihres|
666|Früh|
667|nirgendwo|
668|hab|
669|beschlossen|
670|Rasse|
671|gab|
672|Adresse|
673|gehört|
674|Bellen|
675|sogar|
676|danke|
677|lieber|
678|gefehlt|
679|nochmals|
680|Steckbriefe|
681|vermisste|
682|kucke|['gucke', 'Lücke', 'Mücke', 'gucken', 'Tücke', 'guckt', 'rücke', 'kecke', 'guck', 'Hucke', 'Kokke', 'Quecke', 'bücke', 'checke', 'ducke', 'glücke', 'guckte', 'gurke', 'jucke']
683|Hand|
684|telefoniere|
685|freue|
686|außerdem|
687|findest|
688|hingestellt|
689|erstaunt|
690|gefragt|
691|ob|
692|wischt|
693|Vermisstzettel|['Vermisst zettel', 'Vermisst Zettel']
694|gerührt|
695|gehängt|
696|zeigt|
697|Essen|
698|Dass|
699|lächelt|
700|Straßen|
701|Wände|
702|Foto|
703|weißt|
704|tatsächlich|
705|Schluss|
706|aufgehangen|['aufgehängt']
707|telefonieren|
708|Trockenfutter|
709|kleines|
710|zur|
711|Türe|
712|deutlich|
713|langsamer|
714|bringen|
715|okay|
716|Blumenstrauß|
717|Fröhlichkeit|
718|Sie|
719|sehen|
720|drinnen|
721|hört|
722|kann|
723|darauf|
724|wiederzusehen|
725|hey|
726|Wirklich|
727|bring|
728|Schnell|
729|Fresschen|['Prägen', 'Versuchen', 'Kreischen', 'Fresken', 'Fressen', 'Fritzchen', 'Prägten', 'Freudschen', 'Drängen', 'Frischen', 'Kreuzchen', 'Flüsschen', 'Fragen', 'Feschen', 'Fröschen', 'Pflegen', 'Veraschen', 'Felgen', 'Fressehen', 'Trägen']
730|Kuli|
731|wer|
732|Leute|
733|lässt|
734|lachten|
735|ewig|
736|verteilt|
737|voller|
738|schellt|
739|Dingdong|['Pingpong', 'Sington']
740|dong|['dank', 'Mönch', 'denk', 'tank', 'tönt', 'Gong', 'Song', 'tonig', 'tunk', 'töne', 'Bong', 'den', 'von', 'dann', 'dort', 'doch', 'ging', 'lang', 'zog']
741|dran|
742|rüber|
743|wirst|
744|seinen|
745|dein|
746|gedrückt|
747|Deutsch|
748|verstanden|
749|Häuser|
750|gestürmt|
751|vergessen|
752|wusste|
753|beschäftigt|
754|zurückkriegt|
755|renn|
756|Steht|
757|langweil|['lang weil', 'lang Weil', 'langweilt', 'langweile', 'Klangseil', 'langweilig', 'Fangseil', 'langweilen', 'Dankseil', 'langweilte', 'Gangseil', 'Hangseil', 'Langteil', 'Rangseil', 'langweilst', 'Tankseil', 'bankweit']
758|wuff|
759|zurück|
760|Pult|
761|wissen|
762|Bild|
763|klingelts|['klingelt', 'klingelte', 'klingelst', 'klingende', 'klingendes', 'klingeln', 'klingend', 'Klingelns', 'clinchend', 'clinchende', 'clinchendes', 'klingel', 'klingele', 'klingelnd', 'klingelten', 'klingeltest', 'klingeltet', 'klinkend', 'klinkende']
764|soll|
765|Klingel|
766|wiedergefunden|
767|Bescheid|
768|warten|
769|Schilder|
770|suchen|
771|END|['EKD', 'BND', 'ESD', 'EN', 'SPD', 'CD', 'DVD', 'EU', 'KPD', 'ARD', 'DNA', 'EC', 'EG', 'EM', 'EIS', 'HD', 'NDR', 'SED', 'AMD', 'BRD']
772|dauerte|
773|nur|
774|Angst|
775|lang|
776|Tränchen|['Drängen', 'Tranchen', 'Drangen', 'Drängten', 'Krengen', 'Dringen', 'Krängen', 'Tränken', 'Dränge', 'Wrängen', 'Drängend', 'Bringen', 'Dreschen', 'Brechen', 'Grenzen', 'Rächen', 'Drängel', 'Branchen', 'Drängeln', 'Tränen']
777|riesige|
778|Notfall|
779|Lieblingsessen|
780|drauf|['darauf']
781|Schule|
782|privat|
783|unglaublich|
784|hämmerten|
785|na|
786|Gedanken|
787|Beide|
788|such|
789|ja|
790|mitbringen|
791|hätte|
792|aufgepasst|
793|vermisse|
794|springt|
795|gelandet|
796|plitschnass|['klitschnass', 'Klatschnass', 'pitschnass', 'klatschnass', 'blick-nass', 'klitschnasse', 'patschnass', 'pitschnasse']
797|Wiese|
798|Frosch|
799|Mauer|
800|Wasser|
801|konnte|
802|geschrien|
803|hierhin|
804|hören|
805|einem|
806|Blatt|
807|gesprungen|
808|Eines|
809|andere|
810|Seite|
811|nass|
812|zieht|
813|strömt|
814|losgerissen|
815|geht's|['Geht']
816|loslassen|
817|zurückwinken|
818|klappt|
819|jagt|
820|vorne|
821|eingeholt|
822|Als|
823|ankamen|
824|saß|
825|schnüffelt|
826|fest|
827|kräftig|
828|wüssten|
829|kommst|
830|müssen|
831|spazierengegangen|['spazieren gegangen', 'spazieren Gegangen']
832|gerochen|
833|davon|
834|schlapp|
835|Gassi|
836|festhalten|
837|schneller|
838|gelacht|
839|neugierig|
840|verfolgt|
841|ins|
842|losgelassen|
843|Nassen|
844|freigelassen|
845|Komm|
846|kucken|['gucken', 'rücken', 'Lücken', 'knacken', 'Mücken', 'klicken', 'knicken', 'Tücken', 'bücken', 'ducken', 'jucken', 'kecken', 'kicken', 'zucken', 'Ducken', 'Gucken', 'Hucken', 'Kokken', 'Quecken', 'Rücken']
847|Fußgängerzone|
848|hastig|
849|landet|
850|geschnuppert|
851|erschreckt|
852|ebenfalls|
853|Bleib|
854|stattdessen|
855|Herr|
856|schafft|
857|Herrn|
858|Seerose|
859|deswegen|
860|nämlich|
861|müssten|
862|Kurve|
863|rutsch|
864|wenigstens|
865|platsch|
866|Rennen|
867|Weil|
868|gehorchen|
869|Gehorchen|
870|her|
871|Fluss|
872|pitschnass|
873|zog|
874|stramm|
875|rannten|
876|gezogen|
877|entdeckt|
878|irgendwas|
879|treffen|
880|Frühling|
881|komisch|
882|wussten|
883|geschwitzte|['geschnitzte', 'geschlitzte', 'geschwitzt', 'geschätzte', 'geschützte', 'geschnitzt', 'geschnitzten', 'geschnitzter', 'geschnitztes', 'geschweißte', 'geschnitztem', 'geschwärzte', 'beschwatzte', 'beschwipste', 'geschlitzt', 'geschlitztem', 'geschlitzten', 'geschlitzter', 'geschlitztes', 'geschwatzt']
884|Hände|
885|gerissen|
886|Ahnung|
887|vielleicht|
888|verlieren|
889|Teich|
890|reißt|
891|drüben|
892|stecken|
893|Komm-her-Zeichen|
894|Stelle|
895|tarnt|
896|sauer|
897|siehst|
898|verfolgen|
899|erschrickt|
900|weglaufen|
901|plitscheplatschenass|[]
902|hattet|
903|geblieben|
904|bleib|
905|Leinen|
906|patsch|['barg', 'badisch', 'bang', 'barsch', 'patsche', 'Hadsch', 'Matsch', 'pansch', 'patscht', 'platsch', 'patche', 'patchst', 'patcht', 'lang', 'tätig', 'rasch', 'falsch', 'sang', 'Haag', 'Hang']
907|hinter|
908|grünen|
909|gestreckt|
910|ausgelacht|
911|einfach|
912|stoppen|
913|wegläuft|
914|Tier|
915|Hinterbeine|
916|spring|
917|Seerosenblatt|
918|nassen|
919|Unglück|
920|hierher|
921|wir|
922|trotzdem|
923|wahr|
924|staunte|
925|sprang|
926|schnüffelte|
927|meinte|
928|wieso|
929|fliehen|
930|passierts|['passiert', 'passierte', 'passierst', 'basiert', 'basierte', 'passieren', 'kassierte', 'kassiert', 'passierten', 'pausierte', 'pausiert', 'massiert', 'basiertes', 'massierte', 'passiere', 'basierst', 'bossierst', 'bossiert', 'bossierte', 'bossiertes']
931|gerutscht|
932|ärgern|
933|dahin|
934|seht|
935|Springt|
936|entwischt|
937|erschöpft|
938|flitzt|
939|Kinder|
940|Seil|
941|geplumpst|
942|irgendein|
943|um|
944|riecht|
945|passieren|
946|erzählten|
947|loslässt|
948|bleibt|
949|jag|['nach', 'lag', 'Tag', 'Bach', 'ja', 'mag', 'Dach', 'Fach', 'jagt', 'wach', 'jäh', 'mach', 'Yak', 'lach', 'hach', 'Aach', 'Gag', 'Häg', 'Jak', 'Lach']
950|Leine|
951|Herrchen|
952|spielt|
953|lachen|
954|rutschte|
955|Händen|
956|Verrückten|
957|schaffen|
958|pitsche|['biege', 'patsche', 'peitsche', 'pirsche', 'pritsche', 'putsche', 'pythische', 'titsche', 'pinge', 'britische', 'Dinge', 'Siege', 'optische', 'Fische', 'birgt', 'liege', 'Dodge', 'Ringe', 'badische', 'biegt']
959|patsche|
960|landete|
961|Kommzeichen|['Komm Zeichen', 'Formzeichen', 'Kopfzeichen']
962|Loch|
963|hinterhergerannt|
964|Schritte|
965|legt|
966|funktioniert|
967|wütend|
968|klitschnass|
969|eingefangen|
970|Brücke|
971|Sprung|
972|spuckt|
973|sondern|
974|Frösche|
975|gehabt|
976|Wieso|
977|schnuppert|
978|lief|
979|Wetter|
980|Stein|
981|geflogen|
982|verlier|
983|reingesprungen|
984|folgt|
985|springen|
986|Klippe|
987|gehüpft|
988|aufzuhalten|
989|Mund|
990|halten|
991|hüpfte|
992|Froschteich|
993|frei|
994|stark|
995|irgendwohin|
996|ärgert|
997|Froschjagd|
998|Froschi|['Frosch', 'Frösche', 'Fragt', 'Frisch', 'Froschs', 'Frische', 'Forscht', 'Frage', 'Droge', 'Fidschi', 'Fröschen', 'Brosche', 'Frischs', 'Forsch', 'Forsche', 'Dröge', 'Flöge', 'Frischei']
999|aufgeregt|
1000|Hundeleine|
1001|gucken|
1002|rutschig|
1003|hergelaufen|
1004|verrutscht|
1005|verrückte|
1006|rast|
1007|wegfliegt|
1008|friert|
1009|zittert|
1010|armer|
1011|runtergerutscht|['heruntergerutscht']
1012|unter|
1013|Alle|
1014|irgendetwas|
1015|Versehen|
1016|plumps|
1017|Gebrüll|
1018|möglich|
1019|losgerannt|
1020|steckengeblieben|
1021|entdeck|['entdeckt', 'entdecke', 'entdeckte', 'entdecken', 'entdeckst']
1022|anderes|
1023|weglauft|
1024|knurrte|
1025|Pfote|
1026|knickt|
1027|rufen|
1028|beiden|
1029|wupps|['Jupps', 'wuchs', 'Cups', 'Puppe', 'Jupp', 'Kubas', 'Kuppe', 'Suppe', 'Coupés', 'Pubs', 'Tipps', 'Trupps', 'Krupps', 'Kubus', 'Bubis', 'Guppy', 'Mumps', 'Apps', 'Coupes', 'Depps']
1030|pitschepatschenass|[]
1031|Flussmauer|
1032|wehtat|
1033|hinterherlaufen|
1034|steckt|
1035|wie|
1036|Lisa|
1037|hochgesprungen|
1038|eilig|
1039|abgerutscht|
1040|Tages|
1041|einfangen|
1042|flutscht|
1043|gefällt|
1044|erzählt|
1045|Spazieren|
1046|gern|
1047|tat|
1048|reiß|
1049|Wind|
1050|juckt|
1051|darüber|
1052|Karton|
1053|kriechen|
1054|Kartons|
1055|spielen|
1056|Max|
1057|Steine|
1058|versteckt|
1059|wo|
1060|bewegte|
1061|wundern|
1062|grade|
1063|obwohl|
1064|Hocker|
1065|dabei|
1066|schlüpft|
1067|kriecht|
1068|stürzt|
1069|rückt|
1070|Kopf|
1071|gekrabbelt|
1072|krabbelt|
1073|setzen|
1074|Popo|
1075|Görken|['Glocken', 'Kargen', 'Gurken', 'Knacken', 'Glucken', 'Klicken', 'Glücken', 'Knicken', 'Gören', 'Jörgen', 'Hören', 'Werken', 'Klacken', 'Sorgen', 'Wirken', 'Körnen', 'Garten', 'Können', 'Jürgen', 'Gingen']
1076|Burg|
1077|Kiste|
1078|Bauklötze|
1079|konzentriert|
1080|Na|
1081|Außer|
1082|Thomas|
1083|Steinklötze|
1084|dennoch|
1085|letzten|
1086|herum|
1087|erschreckten|
1088|Schreck|
1089|drunter|
1090|draufsetzen|
1091|stand|
1092|umstürzt|
1093|Geschafft|
1094|hielten|
1095|Lust|
1096|verkriecht|
1097|hielt|
1098|starrten|
1099|Löcher|
1100|Geist|
1101|unterm|
1102|Bauen|
1103|kaputtgegangen|
1104|Moment|
1105|erschrocken|
1106|gekichert|
1107|Gehtnichtmehr|
1108|neue|
1109|bemerkt|
1110|Turm|
1111|huscht|
1112|vorletzten|
1113|verstehen|
1114|schönes|
1115|Holzklötze|
1116|kaputtgeht|
1117|hinsetzen|
1118|Holzklötzen|
1119|Meinung|
1120|gebaut|
1121|rausgekommen|['herausgekommen']
1122|Bobby|
1123|James|
1124|Bond|
1125|hingesetzt|
1126|umgefallen|
1127|gewundert|
1128|packt|
1129|Klotz|
1130|drin|
1131|Pistole|
1132|rausgeschossen|
1133|passierte|
1134|fast|
1135|heftigen|
1136|wackelt|
1137|bloß|
1138|wackeln|
1139|kippt|
1140|seufzt|
1141|Hilfe|
1142|geschnappt|
1143|wär|
1144|Zauberkiste|
1145|Bauklötzchen|
1146|wackelte|
1147|Bauklötzen|
1148|viele|
1149|letzte|
1150|gerade|
1151|Hals|
1152|saßen|
1153|langweilen|
1154|wohl|
1155|Nachbarschaft|
1156|begrüßte|
1157|Dominick|['Dominic', 'Domknick', 'Dominik', 'Domblick', 'Dominica', 'Domini', 'Domgenick', 'Dominics', 'Domknicks', 'Dominiks', 'Domkick', 'Domknicke', 'Dominico', 'Domfick', 'Domklick', 'Domenik', 'Dom-fick', 'Domeniks', 'Dom-kick', 'Dominicas']
1158|untern|
1159|knallte|
1160|gegen|
1161|zeigte|
1162|Jengaturm|['Jungsturm', 'Längsturm', 'Hängeturm', 'Denkturm', 'Jungturm', 'Mensaturm']
1163|gesetzt|
1164|Leon|
1165|Ronaldo|
1166|sitzen|
1167|Wenn|
1168|gefangen|
1169|gespannt|
1170|gelber|
1171|zerbrochen|
1172|Holz|
1173|Holzteil|
1174|Teil|
1175|krabbeln|
1176|bewegt|
1177|Bauklotz|
1178|setzte|
1179|fragten|
1180|schnupperte|
1181|vorletztes|
1182|drauftun|['drauf tun', 'tauften', 'trauten', 'träumten', 'auftun', 'dräuten', 'rauften', 'träufeln', 'drauflud', 'raustun']
1183|schob|
1184|rechts|
1185|setz|
1186|Unfall|
1187|umfällt|
1188|Sonntag|
1189|gespielt|
1190|Spiel|
1191|sollen|
1192|dieser|
1193|dieses|
1194|oh|
1195|Lieblingsspiel|
1196|sollst|
1197|bald|
1198|glaube|
1199|Holzstein|
1200|Vorsicht|
1201|schrie|
1202|brach|
1203|erschrecken|
1204|herkamt|
1205|man|
1206|schleicht|
1207|festgehalten|
1208|kuckten|['guckten', 'rückten', 'gucken', 'glückten', 'bückten', 'checkten', 'duckten', 'guckte', 'gucktet', 'gurkten', 'juckten', 'kackten', 'kickten', 'klackten', 'klickten', 'knackten', 'knickten', 'muckten', 'ruckten', 'zuckten']
1209|Wackelturm|['Wackel Turm', 'Winkelturm']
1210|Pappkartons|['Kartons']
1211|trafen|
1212|schlich|
1213|krabbelte|
1214|plumpste|
1215|schoss|
1216|Blitz|
1217|hervor|
1218|dauernd|
1219|doofen|
1220|Schmerz|
1221|Klötze|
1222|Er|
1223|T-Shirt|
1224|Doktor|
1225|Bausteine|
1226|heraus|
1227|bauen|
1228|damit|
1229|sollten|
1230|sollte|
1231|so|
1232|reingeschmuggelt|
1233|kleine|
1234|Pause|
1235|Po|
1236|Nicko|['Nick', 'Nickt', 'Nico', 'Sakko', 'Nicki', 'Nicke', 'Nicks', 'Kokkoh', 'Nicht', 'Dick', 'Diego', 'Niko', 'Dicke', 'Mekka', 'Mick', 'Rico', 'Mirko', 'Nickel', 'Nizza', 'Knickt']
1237|nervös|
1238|festzuhalten|
1239|merken|
1240|diesen|
1241|tretet|
1242|interessiert|
1243|auszuruhen|
1244|bricht|
1245|Durcheinander|
1246|Baustein|
1247|Holzburg|
1248|Klotztraum|['Klotzt Raum']
1249|einbricht|
1250|überhaupt|
1251|merkten|
1252|mochte|
1253|einzige|
1254|Welt|
1255|süß|
1256|ängstlich|
1257|steckte|
1258|Körper|
1259|links|
1260|nächste|
1261|Schritt|
1262|lächeln|
1263|Otto|
1264|kaputtgemacht|
1265|versteck|
1266|Kisten|
1267|flieg|
1268|schlägt|
1269|Streich|
1270|Pulli|
1271|netteste|
1272|kennen|
1273|Gingka|['Ginkgo', 'Ging', 'Gina', 'Gingen', 'Genick', 'Ginge', 'Ginkgos', 'Gingst', 'Genicke', 'Genicks', 'Ringgau', 'Giga', 'Geneckt', 'Ginko', 'Genickt', 'Ginget', 'Ginger', 'Gingt', 'Zynga', 'Gings']
1274|Hagane|['Hagana', 'Pagane', 'Organe', 'Haare', 'Lagune', 'Hagen', 'Vakant', 'Nagano', 'Haken', 'Sagan', 'Humane', 'Banane', 'Vakante', 'Dekane', 'Haan', 'Vakanz', 'Hagener', 'Warane', 'Hanne', 'Fasane']
1275|klettern|
1276|krachte|
1277|Haare|
1278|hurra|
1279|kippst|
1280|kaputter|
1281|rechte|
1282|eigentlich|
1283|gemütlich|
1284|letztem|
1285|ganzen|
1286|Alles|
1287|daneben|
1288|braune|
1289|ner|['der', 'er', 'nur', 'neu', 'her', 'per', 'wer', 'Bär', 'wär', 'Mär', 'Oer', 'nee', 'den', 'des', 'dem', 'für', 'war', 'über', 'bei', 'einer']
1290|Wisst|
1291|Nö|
1292|fing|
1293|sahen|
1294|nochmal|
1295|höher|
1296|hoch|
1297|haltet|
1298|gestaunt|
1299|lass|
1300|schleich|['gleich', 'such-eich', 'gleiche', 'zahl-eich', 'gleicht', 'zähl-eich', 'glich', 'schleicht', 'schlich', 'schweig', 'schleiche', 'gleichen', 'zugleich', 'gelegt', 'gleicher', 'schlecht', 'gleichem', 'schlicht', 'gültig']
1301|kaputte|
1302|Bello|['Bälle', 'Cello', 'Belle', 'Bell', 'Bellt', 'Bella', 'Pell', 'Bells', 'Pelle', 'Fällt', 'Pellt', 'Bill', 'Fälle', 'Hell', 'Helle', 'Billy', 'Fell', 'Kelly', 'Welle', 'Zelle']
1303|machen|
1304|Klötzen|
1305|bemerken|
1306|fall|
1307|Jengateil|['Längsteil', 'Denkteil', 'Lenkteil', 'Senkteil', 'Hängeteil', 'Denk-teil', 'Jungteil', 'Jung-teil', 'Mensateil']
1308|Jengaspiel|['Denkspiel', 'Längsspiel', 'Hängespiel', 'Ränkespiel', 'Denk-spiel', 'Jungspiel', 'Jung-spiel', 'Mensaspiel']
1309|Zopf|
1310|fasziniert|
1311|Einen|
1312|Besuch|
1313|ausgepackt|
1314|fertiggemacht|
1315|reingegangen|['hereingegangen']
1316|Platz|
1317|aufgeblieben|
1318|ah|
1319|herausgefunden|
1320|gebrüllt|
1321|Jenga|['Jena', 'Länge', 'Jelka', 'Eng', 'Jenna', 'Hängt', 'Jener', 'Junge', 'Menge', 'Enge', 'Jene', 'Genua', 'Jens', 'Jenem', 'Denkt', 'Jenen', 'Fängt', 'Jung', 'Längs', 'Gänge']
1322|rauszuziehen|['herauszuziehen']
1323|größer|
1324|geschickt|
1325|beschloss|
1326|rappelte|
1327|Wow|
1328|Achtung|
1329|Aha|
1330|Problem|
1331|zerstörte|
1332|Fritz|
1333|niemals|
1334|schönen|
1335|angerannt|
1336|dritt|['dritte', 'zu dritt']
1337|Bumm|['Mumm', 'Dumm', 'Pump', 'Summ', 'Bums', 'Um', 'Zum', 'Burg', 'Mm', 'Buch', 'Beim', 'Turm', 'Ums', 'Baum', 'Bund', 'Summe', 'Bäume', 'Damm', 'Hamm', 'Bush']
1338|Oh|
1339|hinfällt|
1340|schaff|
1341|Felix|
1342|machst|
1343|drehte|
1344|Man|
1345|Kindern|
1346|Tobi|
1347|mag|
1348|bestimmt|
1349|ran|
1350|wechseln|
1351|Plätze|
1352|Paket|
1353|kippte|
1354|draufsetzt|
1355|nirgendswo|['nirgends wo', 'nirgendwo', 'irgendwo', 'nirgends']
1356|Paar|
1357|Gruseliges|
1358|wackel|
1359|Hält|
1360|Samstag|
1361|Cooles|
1362|Eiffelturm|
1363|Pyramide|
1364|entdeckte|
1365|geträumt|
1366|Wuff|
1367|gleichzeitig|
1368|fliegende|
1369|Unbekannte|
1370|während|
1371|hinein|
1372|auseinander|
1373|vertieft|
1374|Sessel|
1375|verabschiedeten|
1376|reinzukommen|['hereinzukommen']
1377|reingekommen|['hereingekommen']
1378|angstvoll|
1379|Blödsinn|
1380|gewackelt|
1381|Räuber|
1382|Patrick|
1383|Schock|
1384|Dreckspatz|
1385|bemerk|['bemerkt', 'bemerke', 'bemerken', 'bemerkte', 'Vermerk', 'gemerkt', 'Lembeck', 'merk', 'Gewerk', 'Hemer', 'Hemers', 'Obereck', 'beerig', 'bemerkst', 'bemäße', 'vermerk']
1386|Während|
1387|Tode|
1388|Can|['CAN', 'An', 'Man', 'Kann', 'Van', 'San', 'Kam', 'Jan', 'Clan', 'Caen', 'Ran', 'Zäh', 'Cam', 'Cap', 'Kau', 'Cyan', 'Dan', 'Fan', 'Pan', 'Scan']
1389|anderen|
1390|schlimm|
1391|Arme|
1392|knallt|
1393|Missverständnis|
1394|verschüttet|
1395|ausleert|
1396|Mülleimer|
1397|räumt|
1398|Tüte|
1399|Teppich|
1400|Staubsaugerbeutel|
1401|ausleeren|
1402|geplatzt|
1403|Geräusch|
1404|Staubsauger|
1405|aß|
1406|geschlabbert|
1407|Kucken|['Kokken', 'Gucken', 'Rücken', 'Lücken', 'Kuchen', 'Knacken', 'Küchen', 'Mücken', 'Küken', 'Klicken', 'Knicken', 'Krücken', 'Tücken', 'Bücken', 'Ducken', 'Jucken', 'Kecken', 'Kicken', 'Zucken', 'Hucken']
1408|Auswechseln|
1409|Beutel|
1410|kratzt|
1411|puff|['Puff', 'Tuff', 'Muff', 'Suff', 'baff', 'paff', 'wuff', 'auf', 'fünf', 'Luft', 'Ruf', 'aufs', 'ruft', 'Wurf', 'bunt', 'Duft', 'Haff', 'Riff', 'pfiff', 'pur']
1412|denk|
1413|schief|
1414|geworfen|
1415|leeren|
1416|schmeißen|
1417|festhält|
1418|Dreck|
1419|saugt|
1420|Staub|
1421|Knochen|
1422|holt|
1423|Sack|
1424|wegwerfen|
1425|aufgestaubt|['auf gestaubt', 'aufgestaut', 'aufgestaute', 'aufgestuft', 'aufgesaugt', 'aufgetaut', 'abgestaubt', 'angestaubt', 'aufgestallt', 'aufgestampft', 'aufgesteppt', 'aufgestrebt']
1426|rausgeholt|
1427|gedacht|
1428|Staubsaugertüte|
1429|fand|
1430|zerrt|
1431|staubsaugt|
1432|Mülltonne|
1433|aufgesaugt|
1434|Müll|
1435|diese|
1436|dachte|
1437|ziehen|
1438|aufräumen|
1439|Staubsaugen|
1440|schläft|
1441|zerreißt|
1442|Ecke|
1443|versteht|
1444|erschrak|
1445|fliegen|
1446|staubsaugen|
1447|staubt|
1448|zerrte|
1449|eher|
1450|wäre|
1451|aggressiv|
1452|Fressnapf|
1453|festgekrallt|
1454|Halsband|
1455|gepackt|
1456|Explosion|
1457|nehmen|
1458|häng|['hängt', 'hing', 'Deng', 'Henk', 'hänge', 'denk', 'Denk', 'peng', 'den', 'wenn', 'ging', 'hin', 'lang', 'Werk', 'denn', 'her', 'wenig', 'Berg', 'Länge', 'eng']
1459|Denn|
1460|wirft|
1461|Geräuschen|
1462|aufgeplatzt|
1463|irgendwie|
1464|Hm|
1465|spricht|
1466|kreist|
1467|Saugbeutel|
1468|kannst|
1469|aufpasst|
1470|leert|
1471|Riss|
1472|explodiert|
1473|fegt|
1474|laut|
1475|wechselt|
1476|zerrissen|
1477|Dreckige|
1478|zuletzt|
1479|Dabei|
1480|übersetzt|
1481|Hoffentlich|
1482|hoffentlich|
1483|Staubsauger-Müllbeutel|
1484|Knochens|
1485|krallt|
1486|Lärm|
1487|Hundekekse|
1488|Wohnzimmer|
1489|Aus|
1490|riss|
1491|verlangt|
1492|leckeren|
1493|egal|
1494|Hauptsache|
1495|bekomme|
1496|Hundeknochen|
1497|Wohnung|
1498|bellst|
1499|aufsaugt|
1500|erschreckte|
1501|unbedingt|
1502|peng|
1503|Staubbeutel|
1504|bettelte|
1505|Halsleine|
1506|geschmissen|
1507|rausgenommen|['herausgenommen']
1508|Risse|
1509|wühlen|
1510|durch|
1511|Gegend|
1512|Kekse|
1513|musst|
1514|reintun|
1515|entsorgen|
1516|Vorderbeine|
1517|Wau|['Bau', 'War', 'Au', 'Was', 'Gau', 'Rau', 'Van', 'Gäu', 'Hau', 'Lau', 'Mau', 'Wär', 'Kau', 'Sau', 'Tau', 'Wal', 'An', 'Auf', 'Aus', 'Vag']
1518|benommen|
1519|Lieblingsknochen|
1520|beißt|
1521|gelingt|
1522|Schmutz|
1523|schockiert|
1524|weggestaubt|['weg gestaubt', 'weg Gestaubt', 'weggesaust', 'weggetaut', 'weggesaugt']
1525|stimmt|
1526|abgerissen|
1527|Halskette|
1528|geschieht|
1529|platzte|
1530|Arbeit|
1531|Ärger|
1532|allein|
1533|zulassen|
1534|wiederzukriegen|
1535|Leckerlie|['Leckerli', 'Leckere', 'Leckerle', 'Leckerlis', 'Leckerde', 'Leckelbe', 'Leckerei', 'Leckerbe', 'Leckereien', 'Leckelite', 'Leckerste', 'Leckerbin', 'Lockerließ', 'Leckernte', 'Leckarie', 'Leckerlös', 'Leckeule', 'Lecklilie', 'Leckerlen', 'Leckerbse']
1536|wohnte|
1537|staubsaugte|
1538|wegschmiss|
1539|griff|
1540|geleert|
1541|entschuldigte|
1542|holte|
1543|DVD-|['DVD', 'DVDs', 'DDR', 'DVP', 'VDE', 'VDI', 'DBD', 'DPD', 'DSD', 'DVB-T', 'DOM-', 'DDP', 'DSDS', 'DVAG', 'DVB', 'DVB-C', 'DVB-S', 'DVI', 'DWD', 'DWDS']
1544|Film-|
1545|Küchenabteilung|
1546|verstreut|
1547|Knochenkekse|
1548|Hundeschüssel|
1549|geplatzte|
1550|Leckerlis|
1551|auszuleeren|
1552|schnappte|
1553|Knall|
1554|gesaugt|
1555|Hausarbeit|
1556|platzt|
1557|Leckerli|
1558|fasst|
1559|staubgesaugt|['staubsaugt', 'Staub-gesaugt']
1560|nachgekuckt|['nachgeguckt', 'nachgerückt', 'nachgeguckte', 'nachgeruckt', 'nachgedruckt', 'Dachkuckuck', 'nachgebucht', 'nachgegucktem', 'nachgeguckten', 'nachgeguckter', 'nachgegucktes', 'nachgekocht', 'nachgerückte', 'nachgesucht', 'nachguckt', 'weggeguckt', 'angekuckt', 'hochgeguckt', 'nachgedüngt', 'nachgehackt']
1561|wegschmeißen|
1562|zurückhaben|
1563|beobachtet|
1564|behindert|
1565|schmutzig|
1566|vielen|
1567|weitem|
1568|Staubsack|
1569|bettelt|
1570|zerkratzt|
1571|umsonst|
1572|lehnt|
1573|aufgefangen|
1574|verschwundenen|
1575|platz|['Platz', 'Heads', 'Leads', 'Plays', 'lat.']
1576|schlafen|
1577|reißen|
1578|wegschmeißt|
1579|nervige|
1580|nickt|
1581|ud|['out', 'und', 'auf', 'aus', 'um', 'zum', 'zur', 'nur', 'gut', 'nun', 'du', 'tun', 'uns', 'Fuß', 'Ruf', 'Zug', 'ums', 'TuS', 'ad', 'tut']
1582|nervig|
1583|Gelärm|['Gedärm', 'Gelärmt', 'Gelärme', 'Gelegt', 'Gelege', 'Geklärt', 'Täler', 'Gelebt', 'Tälern', 'Gelernt', 'Gelenk', 'Geheim', 'Geläut', 'Gelehrt', 'Geber', 'Geier', 'Geleit', 'Gelbem', 'Geher', 'Gelähmt']
1584|gestaubt|
1585|entsetzt|
1586|gekratzt|
1587|angebellt|
1588|gekleckert|
1589|Krallen|
1590|Nachmittag|
1591|Schläfchen|
1592|Für|
1593|Napf|
1594|ausbauen|
1595|zerplatzt|
1596|entfernt|
1597|eingesaugt|
1598|klammert|
1599|Hundeleckerlis|
1600|benutzt|
1601|Keksen|
1602|Hose|
1603|ausgeruht|
1604|gefahren|
1605|werfen|
1606|beschließ|['beschließt', 'beschieß', 'beschließe', 'wegließ', 'beschloss', 'beschrieb', 'beschließen', 'beglich', 'beschied', 'beschießt', 'bezahltes', 'begieße', 'begießt', 'bescheiße', 'beschien', 'beschieße', 'beschlich', 'beschliff', 'beschrie', 'beschriee']
1607|zerriss|
1608|erwischt|
1609|schmeißt|
1610|zerkratzen|
1611|Schlimmes|
1612|wunderschöner|
1613|langweilig|
1614|einsaugte|['einsog', 'ein saugte', 'eintauchte', 'einsauge', 'einhauchte', 'einsaugen', 'einpaukte', 'einsaue', 'einsackte', 'einsaugst', 'einsagte', 'eins-unke', 'einsaugt', 'einsaute', 'einsägte', 'einsäumte', 'einzäunte', 'einräumte', 'einbaute', 'einstufte', 'eintaucht']
1615|verhindert|
1616|Kette|
1617|Detektive|
1618|apropos|
1619|herausgeschleudert|
1620|Anfang|
1621|Schüssel|
1622|leerte|
1623|verschmutzt|
1624|mitgenommen|
1625|gefasst|
1626|Kekschen|['Kätzchen', 'Päckchen', 'Keks-gen', 'Keuschen', 'Keks-mähen', 'Geigen', 'Kerzchen', 'Keschen', 'Mäxchen', 'Koggen', 'Seggen', 'Käuzchen', 'Bäckchen', 'Jäckchen', 'Säckchen', 'Menschen', 'Gingen', 'Zeigen', 'Gelegen', 'Gesehen']
1627|Liegen|
1628|kratz|
1629|krallte|
1630|genüsslich|
1631|Müllbeutel|
1632|anschließend|
1633|sauber|
1634|Küche|
1635|wacht|
1636|Auge|
1637|ausversehen|['aus Versehen', 'aus versehen', 'ausersehen', 'Mustersehen', 'Kupfersehen', 'ausgesehen', 'Puffersehen', 'ausersehene', 'ausforschen', 'auszuersehen', 'Bus-ersehen', 'Fuß-ersehen', 'Haus-ersehen', 'Kauf-ersehen', 'Lauf-ersehen', 'Maus-ersehen', 'Süß-ersehen', 'kauf-ersehen', 'lauf-ersehen', 'süß-ersehen']
1638|hm|
1639|wauwau|['Baucau']
1640|sagst|
1641|wauwauwau|[]
1642|Gott|
1643|Krach|
1644|einstaubt|
1645|Müllsäcke|
1646|tauscht|
1647|wegzuschmeißen|
1648|räum|
1649|aufgeräumt|
1650|ausgeschüttelt|
1651|Essstücke|
1652|spitzen|
1653|näher|
1654|Leckerchen|
1655|Sinn|
1656|beginnen|
1657|Erledigung|
1658|Platsch|
1659|verhindern|
1660|kuck|['guck', 'Puck', 'guckt', 'keck', 'kick', 'klick', 'knack', 'zuck', 'Guck', 'Ruck', 'bück', 'gluck', 'gucke', 'kack', 'klack', 'knick', 'zück', 'Buck', 'Buick']
1661|Geräusche|
1662|putzte|
1663|Putzen|
1664|kratzte|
1665|putzen|
1666|räumen|
1667|zupft|
1668|aufräumte|
1669|locker|
1670|stürz|['stürzt', 'stürze', 'starb', 'stark', 'stets', 'stieß', 'stürzte', 'Sturz', 'stolz', 'stürzen', 'stützt', 'spürt', 'starr', 'stört', 'style', 'stürmt', 'stur', 'stütze', 'stirb', 'störe']
1671|geputzt|
1672|irgendwoanders|['irgend woanders', 'irgendwo anders']
1673|überrascht|
1674|behalten|
1675|Mission|
1676|Frühstück|
1677|Buh|
1678|Ah|
1679|Spieß|
1680|gerettet|
1681|gequietscht|
1682|schick|
1683|schnappst|
1684|ärgermachende|['ärger machende', 'ärger Machende']
1685|Staubkessel|
1686|Mutter|
1687|versprochen|
1688|einzuschlafen|
1689|bemerkte|
1690|starrt|
1691|vollen|
1692|explodierte|
1693|ergattert|
1694|perfekte|
1695|fangt|
1696|zwischen|
1697|saugte|
1698|Richtung|
1699|Bam|['Am', 'Kam', 'Bau', 'Bat', 'Bad', 'Bar', 'Baum', 'Ppm', 'Bär', 'Cam', 'Bai', 'Häm', 'Sam', 'Bay', 'Bäh', 'Pah', 'Im', 'An', 'Bag', 'Das']
1700|hungrig|
1701|unvorsichtig|
1702|wegsaugt|
1703|Herbst|
1704|räumte|
1705|dritte|
1706|Mittagsschlaf|
1707|kletterte|
1708|weckt|
1709|wach|
1710|fang|
1711|bellen|
1712|aufgestanden|
1713|wiederhaben|
1714|daran|
1715|THE|['THW', 'THC', 'TAE', 'TH', 'THB', 'TRE', 'TSE', 'TOD', 'TV', 'TAG', 'NHL', 'TSV', 'TAL', 'TOR', 'TYP', 'CH', 'HD', 'MHz', 'TuS', 'ETH']
1716|Ernst|
1717|mach|
1718|unmöglich|
1719|putzt|
1720|verkratzte|
1721|fliege|
1722|Dreckhaufen|
1723|Unglückstag|
1724|draufgeklettert|['drauf geklettert', 'raufgeklettert', 'draufgeklebter', 'heraufgeklettert', 'rausgeklettert']
1725|rausnehmen|['herausnehmen']
1726|genervt|
1727|aufgerissen|
1728|Oje|
1729|oje|
1730|umwechseln|
1731|könntest|
1732|Lied|
1733|gepfiffen|
1734|dem|
1735|ausgeleert|
1736|geweckt|
1737|leid|
1738|schöner|
1739|weckte|
1740|entfernte|
1741|aufzureißen|
1742|schlimmes|
1743|Sauerei|
1744|schimpft|
1745|geholt|
1746|guckte|
1747|Spitzname|
1748|Der|
1749|irgendwo|
1750|rumlaufen|['herumlaufen']
1751|Deswegen|
1752|ließ|
1753|flitzte|
1754|Fleisch|
1755|Geschäfte|
1756|kurzer|
1757|mögliche|
1758|notieren|
1759|geklebt|
1760|Steckbrief|
1761|waut|['laut', 'baut', 'ward', 'wagt', 'Maut', 'haut', 'taut', 'wand', 'wart', 'kaut', 'wägt', 'saut', 'Baud', 'Haut', 'Laut', 'raut', 'wärt', 'auf', 'aus', 'war']
1762|vermissen|
1763|Vorsichtshalber|
1764|bedankte|
1765|gelegt|
1766|Leckeres|
1767|warum|
1768|aufzuhängen|
1769|Apparat|
1770|Hausnummer|
1771|Hoffnung|
1772|aufgestellt|
1773|Terasse|['Trasse', 'Straße', 'Terrasse', 'Gefäße', 'Therapie', 'Besäße', 'Therese', 'Krasse', 'Terrassen', 'Melasse', 'Trassen', 'Verlasse', 'Erfasse', 'Gemäße', 'Thereses', 'Torgasse', 'Bergasse', 'Brasse', 'Gelasse', 'Gerassel']
1774|klar|
1775|Weißt|
1776|gefolgt|
1777|Bismarckstraße|
1778|bellend|
1779|Nächsten|
1780|weinen|
1781|abgehauen|
1782|Mittwoch|
1783|verlaufen|
1784|schenkte|
1785|hofft|
1786|Innenstadt|
1787|Voller|
1788|Verschwunden|
1789|unternehmen|
1790|Spaß|
1791|verteilte|
1792|tschüss|
1793|Schließlich|
1794|Tatsächlich|
1795|im|
1796|Straßenwand|
1797|sooooo|['Voodoo']
1798|früher|
1799|Anschließend|
1800|aufgeschrieben|
1801|aufhängt|
1802|aufs|
1803|antwortet|
1804|Haustür|
1805|Aufhängen|
1806|schrecklich|
1807|aufhören|
1808|leg|
1809|Tröstung|
1810|Dank|
1811|Futterschüssel|
1812|vergangen|
1813|Draußen|
1814|fürchterlich|
1815|Freudensprung|
1816|ans|
1817|Wasserfall|
1818|Stimme|
1819|wunderschönes|
1820|gelb-braun|
1821|vermisster|
1822|bringe|
1823|ärgerte|
1824|kannste|['kannte', 'kannst', 'kännte', 'konnte', 'könnte', 'nannte', 'längste', 'grenzte', 'kannten', 'glänzte', 'Wannsee', 'rannte', 'bannte', 'gönnte', 'dünnste', 'kennst', 'kühnste', 'Wänste', 'bannst', 'grinste']
1825|vorbeikommen|
1826|seufzend|
1827|schaut|
1828|rausgegangen|['herausgegangen']
1829|Kumpel|
1830|Anzeige|
1831|Meter|
1832|knuddelte|
1833|seit|
1834|kopieren|
1835|kopierte|
1836|einzigen|
1837|runtergerollt|['heruntergerollt']
1838|dolle|
1839|Vor|
1840|Lieblingshundefutter|
1841|Trösten|
1842|Donnerstag|
1843|morgens|
1844|hoffte|
1845|halbe|
1846|Plakats|
1847|Fröhlich|
1848|Riesenhunger|
1849|Fleischklößchen|
1850|begann|
1851|kullerten|
1852|Haus|
1853|Ciao|
1854|nachts|
1855|schlussendlich|
1856|Kannst|
1857|Büro|
1858|Wie|
1859|Mal|
1860|Zuletzt|
1861|geklaut|
1862|brachte|
1863|gehts|
1864|Bauchschmerzen|
1865|Hörer|
1866|dankt|
1867|Es|
1868|wedelte|
1869|Natürlich|
1870|WIEDER|
1871|brauchst|
1872|Ordnung|
1873|kamen|
1874|machte|
1875|wollts|['wollte', 'volles', 'wollt', 'vollaß', 'vollst', 'sollte', 'völlig', 'wollen', 'wollten', 'voll', 'volle', 'voller', 'vollen', 'wolle', 'vollem', 'rollt', 'rollte', 'sollst', 'willst', 'wollig']
1876|Riesenlolli|['Riesenrolle', 'Riesenrolli', 'Riesenwolle', 'Riesenzoll', 'Riesenhölle', 'Riesenzölle', 'Riesencelli', 'Riesencollie', 'Riesengully', 'Riesenjolle', 'Riesenrollo', 'Riesenzolls', 'Riesenpolle', 'Riesenlille', 'Riesenlobby', 'Riesenmoll', 'Riesenpulli', 'Riesenrally', 'Riesenrollis']
1877|glücklichste|
1878|davor|
1879|Flyer|
1880|fühlt|
1881|Schreibtisch|
1882|Juchhu|
1883|Bellte|
1884|Hier|
1885|Tschüss|
1886|schrille|
1887|begrüßen|
1888|Ziemlich|
1889|lieben|
1890|küsst|
1891|sehnsüchtig|
1892|geh|
1893|heimgekehrt|
1894|Vermisstenplakate|[]
1895|rief|
1896|Stunde|
1897|klingelingeling|[]
1898|sprachlos|
1899|Schale|
1900|telefonierten|
1901|Bonbon|
1902|Besitzerin|
1903|dicken|
1904|Finger|
1905|umgefahren|
1906|Smilie|['Familie', 'Milde', 'Amalie', 'Emily', 'Silbe', 'Stille', 'Stile', 'Emilia', 'Lilie', 'Style', 'Seile', 'Amélie', 'Silke', 'Smiley', 'Emilys', 'Homilie', 'Philie', 'Zilie', 'Seilte', 'Skyline']
1907|Rücken|
1908|Stock|
1909|verrückter|
1910|guck|
1911|drücken|
1912|Bestimmt|
1913|welche|
1914|Bis|
1915|Mama|
1916|rutschten|
1917|Rutsche|
1918|Hängt|
1919|Fremder|
1920|Portionen|
1921|Morgens|
1922|schreibt|
1923|dadrauf|['da drauf', 'darauf', 'daraus', 'drauf', 'Radlauf']
1924|Ein|
1925|wusstest|
1926|erfreulich|
1927|finden|
1928|hattest|
1929|In|
1930|Lieblingsgeschmack|
1931|Telefonnummern|
1932|manchmal|
1933|nirgends|
1934|Möchtest|
1935|wiedergeben|
1936|Kuck|['Knick', 'Guck', 'Puck', 'Guckt', 'Zuck', 'Keck', 'Kick', 'Klick', 'Knack', 'Kokke', 'Ruck', 'Bück', 'Zück', 'Buck', 'Gluck', 'Buick', 'Rück', 'Gucke', 'Auch']
1937|hungern|
1938|PLZ|
1939|Hausmauern|
1940|Vermisst|
1941|Hinterwand|
1942|vermissten|
1943|Rate|
1944|meisten|
1945|beherrschen|
1946|riesig|
1947|erst|
1948|erfahrt|
1949|vergisst|
1950|Kacke|
1951|heiße|
1952|Hundephantom|
1953|annimmst|
1954|schicken|
1955|Zuhause|['Zu Hause']
1956|futterte|
1957|Nachrichten|
1958|erwischen|
1959|versteckte|
1960|kaum|
1961|dafür|
1962|Netteste|
1963|geklopft|
1964|rum|
1965|lutschen|
1966|deiner|
1967|ausgebrochen|
1968|läufst|
1969|Mordshunger|
1970|zwecklos|
1971|Lieblingsfutter|
1972|allen|
1973|Vermisstenanzeigen|
1974|Hauswänden|
1975|überfahren|
1976|hebt|
1977|Ihr|
1978|strahlend|
1979|kurz|
1980|Geschäft|
1981|vergaß|
1982|bell|['Bell', 'pell', 'hell', 'Fell', 'Zell', 'belle', 'bellt', 'pelle', 'Dell', 'Tell', 'gell', 'peil', 'pellt', 'prell', 'bei', 'beim', 'soll', 'teil', 'weil', 'Welt']
1983|hörst|
1984|nunmal|['nun mal', 'neunmal', 'einmal', 'zumal', 'fünfmal', 'normal', 'Wundmal', 'Gunma', 'rummal']
1985|Stopp|
1986|Happy|
1987|Verliebt|
1988|Wer|
1989|Haben|
1990|Jippie|
1991|Falls|
1992|großen|
1993|auffrisst|
1994|1234-Schule|
1995|Sonntagmorgen|
1996|Geburtstag|
1997|enttäuscht|
1998|zurückgebracht|
1999|solltest|
2000|angehängt|
2001|gehockt|
2002|Schulwände|
2003|diesmal|
2004|heißen|
2005|strahlte|
2006|buddeln|
2007|Anrufe|
2008|Bonbons|
2009|Knabberessen|['Knabber essen', 'Knabber Essen', 'Knabbereien']
2010|beruhigt|
2011|hoffe|
2012|dort|
2013|Hundewiese|
2014|frühen|
2015|allerbester|
2016|Salto|
2017|Telefonhörers|
2018|Mittag|
2019|zappelig|
2020|angelächelt|
2021|ausnahmsweise|
2022|still|
2023|trifft|
2024|Jacke|
2025|ausgeteilt|
2026|Pfötchen|
2027|Mathe|['Mathematik']
2028|Vogel|
2029|Lehrerin|
2030|knuddelig|
2031|rausgekuckt|
2032|geschimpft|
2033|wegzubringen|
2034|wem|
2035|Wem|
2036|Matheaufgaben|
2037|Höre|
2038|finde|
2039|konzentrieren|
2040|Hausaufgaben|
2041|stupste|
2042|Unterricht|
2043|meckert|
2044|bevor|
2045|fett|
2046|schämt|
2047|zappelten|
2048|murmelt|
2049|erschraken|
2050|Vorschein|
2051|süßen|
2052|versteckst|
2053|verstecke|
2054|liebt|
2055|unterhalten|
2056|Aufgabe|
2057|erwisch|['er wisch', 'erwischt', 'erwog', 'erwuchs', 'Derwisch', 'erdig', 'erlisch', 'erwische', 'verwisch', 'erwies', 'erlosch', 'frisch', 'einig', 'erging', 'erlag', 'erwacht', 'erlischt', 'irisch', 'serbisch', 'eckig']
2058|Schulgelände|
2059|stotterte|
2060|dürfen|
2061|gibts|
2062|geschellt|
2063|Mathematiklehrerin|
2064|quatschten|
2065|peinlich|
2066|winkte|
2067|Mathetest|
2068|heimlich|
2069|mitnehmen|
2070|begonnen|
2071|Woher|
2072|rechnete|
2073|Schwierigkeiten|
2074|verscheuchen|
2075|ruhig|
2076|schmuggelt|
2077|nimmst|
2078|Klassenzimmer|
2079|Pass|
2080|völlig|
2081|wohin|
2082|gerechnet|
2083|schließlich|
2084|quatschen|
2085|vors|
2086|Hör|
2087|hör|
2088|wüsste|
2089|Mathematikunterricht|
2090|flog|
2091|meinst|
2092|angelacht|
2093|Ohnmacht|
2094|beruhigen|
2095|Frau|
2096|konzentrierte|
2097|verraten|
2098|Bevor|
2099|anfängt|
2100|beginnt|
2101|Mantel|
2102|versunken|
2103|spät|
2104|weggeflogen|
2105|rausschleichen|
2106|Sollen|
2107|dadrin|['da drin', 'darin', 'Katrin', 'Catrin', 'tätig', 'dahin', 'daran', 'Madrid', 'Gattin', 'Matrix', 'taten', 'Karin', 'Patron', 'Hadrian', 'Zarin', 'drin', 'Kathrin', 'marin', 'Laurin', 'Patin']
2108|Ein-Stern|
2109|gekuschelt|
2110|verstecktes|
2111|traf|
2112|Schulweg|
2113|Schulklasse|
2114|Rechenheft|
2115|arbeiten|
2116|nächstes|
2117|herrlich|
2118|gekitzelt|
2119|anbellte|
2120|schämte|
2121|begrüßt|
2122|berührt|
2123|angefangen|
2124|getroffen|
2125|sabbern|
2126|Gequatsche|
2127|abgelenkt|
2128|schwere|
2129|verscheucht|
2130|gewarnt|
2131|ausbüxt|
2132|Klassenraum|
2133|verstecken|
2134|Fritzchen|
2135|Gläser|
2136|stellen|
2137|Ensen|['Eisen', 'Engen', 'Enten', 'Enden', 'Erzen', 'Essen', 'Unzen', 'Jensen', 'Einsen', 'Ätzen', 'Sensen', 'Ense', 'Mensen', 'Eozän', 'Pensen', 'Ende', 'Äsen', 'Insel', 'Einen', 'Außen']
2138|Zwischendurch|
2139|geschämt|
2140|Nasenstupser|['Nasen Stupser', 'Nasenstüber', 'Nasenstürzen', 'Nasenstöpsel', 'Nasenstützen', 'Nasenstübern', 'Nasenstütze', 'Nasenstübers', 'Nasenstutzen', 'Nasenstutzer', 'Nasenzauber', 'Nasenstuben', 'Nasenstürmer', 'Nasenstube']
2141|andauernd|
2142|Bauch|
2143|schrieb|
2144|belle|
2145|Nordpark|
2146|Trotz|
2147|rechnen|
2148|freuten|
2149|Bock|
2150|machten|
2151|Klasse|
2152|miteinander|
2153|brüllen|
2154|Rechenunterricht|
2155|klopfte|
2156|Schaubek|['Gauben', 'Gaben', 'Gaube', 'Glauben', 'Schafbock', 'Gäbe', 'Grube', 'Glaube', 'Gabel', 'Schauen', 'Gruber', 'Gruben', 'Schraube', 'Schaute', 'Garbe', 'Gäben', 'Gaue', 'Schauten', 'Gaues', 'Gläubig']
2157|Nase|
2158|rausgeschlichen|
2159|Piepsen|
2160|verjagt|
2161|lachend|
2162|gequasselt|['Gequassel', 'Gequassels', 'anquasselt', 'gefusselt', 'gequantelt', 'gerasselt', 'quasselt', 'verquasselt']
2163|begrüßten|
2164|Madam|['Madame', 'Adam', 'Datum', 'Mandat', 'Matt', 'Maas', 'Katar', 'Maya', 'Saddam', 'Satan', 'Macao', 'Fatal', 'Madras', 'Ratsam', 'Magma', 'Fatah', 'Maxim', 'Matte', 'Mazda', 'Qatar']
2165|niedlich|
2166|bellende|
2167|aneinander|
2168|Schwanz|
2169|Mathematik|
2170|Lehrer|
2171|interessant|
2172|nehme|
2173|zufällig|
2174|winkten|
2175|Pinke-Pane|['Pinke-Däne', 'Pinke-Aale', 'Pinke-Akne', 'Pinke-Aue', 'Pinke-Bake', 'Pinke-Band', 'Pinke-Bande', 'Pinke-Bank', 'Pinke-Bann', 'Pinke-Base', 'Pinke-Bände', 'Pinke-Bänke', 'Pinke-Caen', 'Pinke-Café', 'Pinke-Cape', 'Pinke-Dame', 'Pinke-Dank', 'Pinke-Daune', 'Pinke-Dänen', 'Pinke-Düne']
2176|wettete|
2177|Wen|
2178|murmelte|
2179|Entschuldige|
2180|Verwundert|
2181|nen|['einen', 'den', 'neu', 'nun', 'neun', 'gen', 'wen', 'Yen', 'nein', 'säen', 'Ben', 'Gen', 'Ken', 'Ren', 'Säen', 'Zen', 'nee', 'nenn', 'der', 'in', 'des']
2182|aufgebracht|
2183|zeig|
2184|darfst|
2185|begrüß|
2186|währenddessen|
2187|stupsen|
2188|weggeht|
2189|überzeugt|
2190|berühren|
2191|Nasenspitze|
2192|versichert|
2193|haut|
2194|Mathearbeit|
2195|streckt|
2196|freundlich|
2197|seiner|
2198|mögt|
2199|sieben|
2200|achtzehn|
2201|wundert|
2202|Lehrerinnen|
2203|rechnet|
2204|Bruch|
2205|merk|
2206|kichert|
2207|stupst|
2208|gewesen|
2209|Matheblatt|['Datenblatt', 'Modeblatt']
2210|gesteckt|
2211|Pinckeponk|[]
2212|knuddelten|
2213|unauffällig|
2214|gekackt|
2215|Mathe-Aufgaben|['Mathematik']
2216|Doch|
2217|Mal-Aufgaben|
2218|geschockt|
2219|lauter|
2220|talentiert|
2221|Montagmorgen|
2222|Willst|
2223|Schulmaskottchen|
2224|öffnet|
2225|kichern|
2226|Feder|
2227|Dummie|['Dummys', 'Dumme', 'Dummy', 'Tummle', 'Summe', 'Dämme', 'Gummi', 'Mumie', 'Dummen', 'Damme', 'Dummer', 'Dumpfe', 'Gummis', 'Dummes', 'Dümmer', 'Hümme', 'Jümme', 'Wümme', 'Bummle']
2228|Keks|
2229|Entschuldigung|
2230|Miss|
2231|Dudika|['Mutig', 'Tätig', 'Attika', 'Tätige', 'Mutige', 'Judoka', 'Tunika', 'Gütig', 'Gütige', 'Tätigt', 'Südecke', 'Butike', 'Donika', 'Dubysa', 'Indica', 'Ustica', 'Zudecke', 'Zudeckt', 'Danika', 'Sudeck']
2232|Mädel|
2233|Mathebuch|
2234|Matheaufgabe|
2235|Schulgebäude|
2236|Knobelaufgabe|
2237|geschmust|
2238|Zeit|
2239|Rechenaufgabe|
2240|Jackenhund|
2241|winkt|
2242|Blumentöpfe|
2243|kläffen|
2244|Ruhig|
2245|Berliner|
2246|antwortete|
2247|Verflixt|
2248|glückliche|
2249|kapiert|
2250|mussten|
2251|oder|
2252|Süßer|
2253|Vertrau|
2254|Griff|
2255|Schüler|
2256|keuchend|
2257|beeilen|
2258|Rucksack|
2259|Schulglocke|
2260|zugleich|
2261|Geheim|
2262|nebeneinander|
2263|schüchtern|
2264|süßer|
2265|rumbellt|['rum bellt', 'rum Bellt', 'rumpelnd', 'rumpelst', 'rumpelt', 'dümpelnd', 'dümpelst', 'dümpelt', 'humpelnd', 'humpelst', 'humpelt', 'rempelst', 'rempelt', 'rubbelnd', 'rubbelst', 'rubbelt', 'rumheult', 'rumpel', 'rumpele', 'rumpelig']
2266|geglaubt|
2267|anbellt|
2268|Thema|
2269|dreht|
2270|beeilten|
2271|bräunlich|
2272|flüsterte|
2273|büxt|
2274|Faxen|
2275|schmusen|
2276|knuddelt|
2277|fleißig|
2278|abgenommen|
2279|kriege|
2280|mein|
2281|Kann|
2282|Hey|
2283|Arbeiten|
2284|Geografie|
2285|kaputtgelacht|['kaputt gelacht', 'kaputtgemacht', 'kaputtgemachte']
2286|fetten|
2287|Ergebnis|
2288|beantwortete|
2289|Pscht|['Ist', 'Ost', 'Pacht', 'Pocht', 'Ast', 'Gst', 'Äst', 'Bogt', 'Ächzt', 'Bucht', 'Nicht', 'Böscht', 'Acht', 'Pascht', 'Macht', 'Puscht', 'Recht', 'Licht', 'Buchst', 'Nacht']
2290|niemandem|
2291|zeigts|['zeigt', 'zeigte', 'seichte', 'seicht', 'seichtes', 'zeigst', 'zeigs', 'seit', 'seines', 'leicht', 'zeigen', 'reicht', 'leichte', 'reichte', 'siegte', 'steigt', 'zeigten', 'zweigt', 'leichtes', 'neigt']
2292|riesigen|
2293|weggeschlichen|
2294|Klassen|
2295|aufwachte|
2296|gerubbelt|['gekuppelt', 'gerappelt', 'gerumpelt', 'gekoppelt', 'gerunzelt', 'gerüttelt', 'krabbelt', 'verübelt', 'abgerubbelt', 'abrubbelt', 'berappelt', 'gebabbelt', 'gebrabbelt', 'gedoppelt', 'gedribbelt', 'gedübelt', 'gedümpelt', 'gehumpelt', 'gejubelt', 'gekrabbelt']
2297|verwundert|
2298|merkte|
2299|lugte|
2300|pennte|
2301|Fensterrahmen|
2302|leise|
2303|kitzelt|
2304|spannende|
2305|Matheunterricht|['Mädchenunterricht', 'Mathe-unterrichte']
2306|reinkuckte|['reinguckte', 'reinklickte', 'reingucke', 'reingucket', 'reinguckt', 'reinguckten', 'reingucktet', 'reinklickt', 'reinklickten', 'reinklicktet', 'reinpackte', 'reinwürgte', 'dreinguckte', 'reinguck', 'reingucken', 'reinguckst', 'reingucktest', 'reinlockte', 'reinspuckte', 'reintunkte']
2307|Nasenküsschen|
2308|Klassenkameraden|
2309|schimpfen|
2310|bereits|
2311|Klassenlehrerin|
2312|Zeugnis|
2313|mitbekam|
2314|Wahl|
2315|meinen|
2316|sieh|
2317|Nasenkuss|
2318|ausziehen|
2319|müsstest|
2320|Rechnen|
2321|Geheimnis|
2322|Marmeladen|
2323|Quark|
2324|Sandwich|
2325|Kakao|
2326|Berühmtheitsshow|[]
2327|gefährlich|
2328|Mathelehrerin|
2329|Alienvögel|['Alien vögel', 'Alkenvögel', 'Kleinvögel', 'Alkenvogel', 'Galgenvögel', 'Alkenvögeln']
2330|Mathematikaufgaben|
2331|Scheibe|
2332|gegrüßt|
2333|Mal-Aufgabe|
2334|wunderschönen|
2335|flüstert|
2336|Tiere|
2337|Versuch|
2338|wert|
2339|Mathematiktest|
2340|früh|
2341|bleiben|
2342|namens|
2343|erwidert|
2344|ranzuschleichen|['anzuschleichen', 'Einzugleichen', 'rauszuschleichen', 'Einzugsleichen', 'einzuschleichen', 'Bauzugleichen', 'heranzuschleichen', 'Gaszugleichen', 'hinzuschleichen', 'Kranzugleichen', 'rausschleichen', 'reinzuschleichen', 'rumzuschleichen', 'Kranz-schleichen', 'Tanz-schleichen', 'rang-schleichen', 'tanz-schleichen']
2345|erwartungsvoll|
2346|Nähe|
2347|rausgeht|['herausgeht']
2348|Kampf|
2349|konnten|
2350|spielte|
2351|gewinkt|
2352|angefasst|
2353|abmalen|
2354|Schulhof|
2355|schließt|
2356|entdecken|
2357|bewahren|
2358|brüllt|
2359|sprechen|
2360|Nasen|
2361|Mathematikmappe|
2362|gejagt|
2363|diesem|
2364|lösen|
2365|scheuchen|
2366|hechelte|
2367|redeten|
2368|angerast|
2369|blieb|
2370|erschrick|
2371|abhaut|
2372|Bus|
2373|Hagelman|['Hagel man', 'Magellan', 'Nagelmann', 'Häkeln', 'Hagelgans', 'Hageln', 'Hagelten', 'Hageltag', 'Hakeln', 'Häkelgarn', 'Häkelten', 'Hügelan']
2374|stieg|
2375|Fundbüro|
2376|gestoppt|
2377|Schultasche|
2378|U-Bahn|
2379|verpasst|
2380|knapp|
2381|Tasche|
2382|klatschen|
2383|Busstelle|
2384|Bushaltestelle|
2385|einholen|
2386|vergessene|
2387|steigt|
2388|doof|
2389|Ranzen|
2390|Tschüs|
2391|selbst|
2392|gequatscht|
2393|Hundesaloon|
2394|ausstieg|
2395|liefen|
2396|verabschiedete|
2397|Hauptrollen|
2398|Busses|
2399|Fundladengeschäft|['Windladengeschäft', 'Handladengeschäft', 'Sounddatengeschäft', 'Wundlagengeschäft']
2400|erreichen|
2401|stoppten|
2402|Fundstelle|
2403|hochgenommen|
2404|Theke|
2405|Besitzer|
2406|aussteigen|
2407|losfuhr|
2408|streck|['streng', 'streckt', 'steck', 'strecke', 'zurück', 'Strecke', 'strenge', 'steckt', 'strebt', 'strikt', 'Streik', 'strich', 'strecken', 'Dreck', 'Strick', 'Treck', 'stecke', 'strebe', 'streckte']
2409|merkwürdiger|
2410|fährt|
2411|merkwürdige|
2412|aufgefallen|
2413|schaffte|
2414|Fundgrubenladen|['Fundgruben laden', 'Fundgrube-laden', 'Fundgrube-baden', 'Fundgrube-faden', 'Fundgrube-laben', 'Fundgrube-lagen', 'Fundgrube-landen', 'Fundgrube-loten', 'Fundgrube-löten', 'Fundgrube-raten', 'Fundgrube-taten']
2415|Spazierstock|
2416|ausgestiegen|
2417|Haltestelle|
2418|Händler|
2419|geschah|
2420|stiegen|
2421|alter|
2422|alte|
2423|Adolf|
2424|kaufte|
2425|gestiegen|
2426|orange|
2427|vergiss|
2428|Busfahrer|
2429|Sachen|
2430|hingetan|
2431|vollkommen|
2432|stolpern|
2433|ältere|
2434|umgedreht|
2435|wiederbekommt|
2436|wiederbekommen|
2437|eingefallen|
2438|Vorhin|
2439|Krückstock|
2440|fahren|
2441|älterer|
2442|wiedergekriegt|
2443|stoppte|
2444|herrlichen|
2445|gesessen|
2446|Rakete|
2447|Fundladen|['Fund laden', 'Funddaten', 'Windladen', 'Fundlagen', 'Fundorten', 'Handladen', 'Fundlage', 'Rundmaden', 'Fundlandes', 'Sounddaten', 'Fundländer', 'Wundlaken', 'Fundländern', 'Kundtaten', 'Fundrades', 'Kundtäten', 'Fundräder', 'Wundlagen', 'Fundrädern', 'Wundlägen']
2448|fuhr|
2449|fasse|
2450|verabschiedet|
2451|Mitarbeiter|
2452|Tornister|
2453|einigen|
2454|Pillepalle|
2455|Fundsachenbüro|[]
2456|eingestiegen|
2457|Shit|
2458|Geschäftsmann|
2459|bewiesen|
2460|beschreibt|
2461|Beispiel|
2462|Peter|
2463|Fundbüros|
2464|kürzesten|
2465|erinnert|
2466|Bitteschön|
2467|anhält|
2468|gelb-orange|
2469|Montagnachmittag|
2470|Saß|
2471|losfährt|
2472|Fiel|
2473|Einkaufstasche|
2474|anhielt|
2475|Sammelbüro|
2476|eh|
2477|bummeln|
2478|Typ|
2479|leben|
2480|friedlich|
2481|Busfahrt|
2482|erreicht|
2483|steigen|
2484|wegfuhr|
2485|achtunddreißig|
2486|Hans|
2487|vorbeikommt|
2488|Schwimmsachen|
2489|vieles|
2490|Schwimmen|
2491|Weile|
2492|Ausstiegsstelle|
2493|schnurstracks|
2494|Fundbüromann|[]
2495|Portmonee|
2496|behalte|
2497|sitzenden|
2498|Gefühl|
2499|stehlt|
2500|Busbank|
2501|End|['Und', 'Ende', 'Eng', 'Eid', 'Lend', 'Enz', 'Ente', 'Wend', 'In', 'Äst', 'Ist', 'Mit', 'Den', 'An', 'Sind', 'Hat', 'Ins', 'Ein', 'Fand']
2502|angeschauen|['angeschauten', 'angel-hauen', 'angegeben', 'anschauen', 'angeschlagen', 'nachschauen', 'angegangen', 'Enkelschauen', 'Hangschauen', 'angeschaut', 'Landeschauen', 'anzuschauen', 'Mangelschauen', 'angeschoben', 'Angelschauen', 'abgeschauten', 'Ankerschauen', 'angegraben', 'Knieschauen', 'angegrauten']
2503|Party|
2504|wären|
2505|Fund|
2506|Opa|
2507|eingegeben|
2508|lange|
2509|gedauert|
2510|hautfarbig|['haut farbig', 'haut Farbig', 'hautfarben', 'hautartig', 'sandfarbig', 'zartfarbig']
2511|Dackel|
2512|Haarkamm|
2513|Stehen|
2514|genießt|
2515|herumwedelt|
2516|versuchten|
2517|schafften|
2518|Fensterscheibe|
2519|Rief|
2520|Sofort|
2521|Geschwindigkeit|
2522|Kollege|
2523|vergesst|
2524|meine|
2525|abgeholt|
2526|Vielen|
2527|warm|
2528|stopp|
2529|Abstellplatz|
2530|losgefahren|
2531|Wäscheklammer|
2532|nachgesagt|
2533|Abstand|
2534|riechen|
2535|durchs|
2536|Vielleicht|
2537|Ausstieg|
2538|Dröhnte|
2539|Aussicht|
2540|Treppe|
2541|glatt|
2542|am|
2543|Kino|
2544|neunjährige|
2545|gewunken|
2546|bedanken|
2547|hochgehoben|
2548|kontrollierte|
2549|Sticker|
2550|schleppte|
2551|steigte|['stieg', 'zeigte', 'steigt', 'steckte', 'strikte', 'stärkte', 'zweigte', 'steige', 'steifte', 'steigre', 'stickte', 'strickte', 'stellte', 'zeigt', 'zweite', 'siegte', 'teilte', 'zeigten', 'schickte', 'steigen', 'stärkste']
2552|Nimm|
2553|nützte|
2554|reingestiegen|
2555|heftet|
2556|erkannt|
2557|gelb-orangenen|
2558|blau-rot-gelb-farbenen|[]
2559|Haaren|
2560|bekomm|['bekommt', 'bekomme', 'bekam', 'bekommen', 'komm', 'bekäme', 'bekommst', 'begoss', 'beikomme', 'beikommt', 'bekamt', 'bekämt', 'benimm', 'kämm', 'verkomm']
2561|Tanzturnier|
2562|anhalten|
2563|mitbekommen|
2564|länger|
2565|Kusshauer|['Zuschauer', 'Kursdauer', 'Süßsauer', 'Kurzbauer', 'Kurzhauber']
2566|Amberkamp|['Amber Kamp']
2567|danken|
2568|Kärtchen|
2569|Genau|
2570|heb|['her', 'hebt', 'hob', 'hab', 'hebe', 'herb', 'hip', 'web', 'hey', 'hieb', 'gäb', 'Pep', 'Web', 'hä', 'leb', 'der', 'den', 'des', 'dem', 'er']
2571|Friederik|['Friederike', 'Frederik', 'Fiederig', 'Friedberg', 'Frederic', 'Frederike', 'Friedbergs', 'Friederikes', 'Frederiks', 'Fredrik']
2572|Laden|
2573|Kirmes|
2574|Nachher|
2575|weggelaufener|
2576|spannenden|
2577|Geschichten|
2578|ENDE|
2579|Vergessen|
2580|Bahn|
2581|Fundgrube|
2582|Halte|
2583|Stoppen|
2584|normaler|
2585|längst|
2586|Einbahnstraße|
2587|seufzte|
2588|erklären|
2589|männlichen|
2590|nickte|
2591|Bedanken|
2592|Station|
2593|Kuckte|['kuckte', 'Rückte', 'Guckte', 'Bückte', 'Duckte', 'Glückte', 'Kickte', 'Juckte', 'Knackte', 'Muckte', 'Knickte', 'Ruckte', 'Guckt', 'Zuckte', 'Zückte', 'Checkte', 'Küste', 'Punkte', 'Gucke', 'Suchte', 'Guckten']
2594|Geben|
2595|suchte|
2596|Wiedersehen|
2597|bat|
2598|min|
2599|gelangweilt|
2600|überholen|
2601|entspannt|
2602|schenken|
2603|Sitz|
2604|inzwischen|
2605|also|
2606|fehlten|
2607|rollte|
2608|Rowdy|
2609|heutzutage|
2610|Mitleid|
2611|Schalter|
2612|Bogestra|['Bögest']
2613|Sind|
2614|Pazifist|
2615|furzen|
2616|heftig|
2617|merkwürdiges|
2618|Leben|
2619|schockierterweise|['schockiert erweise', 'schockierter weise', 'schockierter Weise']
2620|reingezerrt|['rein gezerrt', 'hereingezerrt', 'reingerät', 'hingezerrt', 'reingesetzt']
2621|warnen|
2622|Knacker|
2623|Vergessener|
2624|Verkäuferin|
2625|rausgingen|
2626|Tierarzt|
2627|fehlt|
2628|sowas|
2629|kanns|['kann', 'Hanns', 'Manns', 'kannst', 'Banns', 'dann', 'ganz', 'ganze', 'Hans', 'Mann', 'könne', 'Mainz', 'ans', 'kennt', 'Bands', 'Fans', 'Mannes', 'ganzes', 'kannte', 'wann']
2630|Treppen|
2631|Fahren|
2632|Bernhard|
2633|junges|
2634|Fräulein|
2635|Fundbörse|['Pfundblase']
2636|Schwimmwettbewerb|
2637|ausstiegen|
2638|rechtzeitig|
2639|merkwürdigen|
2640|legte|
2641|erleben|
2642|passte|
2643|aussteigt|
2644|Stier|
2645|LEAS|
2646|hergerannt|
2647|Kuh|
2648|Nasenverstopfung|
2649|Hol|
2650|Einkaufszentrum|
2651|fasste|
2652|Irgendetwas|
2653|bewahre|
2654|kriegten|
2655|abholen|
2656|ankam|
2657|lächelndem|
2658|umgestiegen|
2659|orangene|['orange']
2660|Verlorene|
2661|gelb-orangener|
2662|the|['die', 'de', 'ehe', 'tue', 'Che', 'Ehe', 'rhe', 'tu', 'der', 'den', 'des', 'das', 'dem', 'sie', 'wie', 'da', 'drei', 'ihm', 'ihn', 'ihr']
2663|stoppt|
2664|schreit|
2665|Fahrzeug|
2666|Arbeiter|
2667|gelegenes|
2668|Erfolg|
2669|Gondel|
2670|Teddybär|
2671|Seilbahn|
2672|Draußen-Verbot|
2673|einfällt|
2674|Wagen|
2675|knall|
2676|löst|
2677|kracht|
2678|Direkt|
2679|ausgewechselt|
2680|Teddy|
2681|Nachbarin|
2682|kaputten|
2683|Seilstrick|
2684|Fensterbank|
2685|schickt|
2686|verfängt|
2687|Etage|
2688|herab|
2689|Frühlingstag|
2690|befestigt|
2691|schiebt|
2692|wohnt|
2693|wart|
2694|Hausarrest|
2695|rübergeschmissen|
2696|dürft|
2697|bekamen|
2698|Kontrolle|
2699|Schnur|
2700|abgefallen|
2701|geknallt|
2702|Mrs|['MHz', 'Maß', 'Mars', 'Erz', 'Mr', 'Urs', 'Ms', 'MGs', 'Des', 'Mit', 'Als', 'Mrs.', 'Aus', 'Mus', 'Das', 'Er', 'MCs', 'Bis', 'MPs', 'Es']
2703|schmiss|
2704|Wagonwagen|['Wagon wagen', 'Salonwagen', 'Wachanlagen']
2705|Wagon|
2706|band|
2707|bindet|
2708|bind|
2709|Spielzeugbahn|
2710|Absicht|
2711|arme|
2712|gesucht|
2713|wirf|
2714|lockerer|
2715|schaute|
2716|Spannung|
2717|Nachbarfenster|
2718|Fensterscheiben|
2719|sonnigem|
2720|kullerte|
2721|Strafe|
2722|kaputtmachen|
2723|Rätsel|
2724|ausgeliehen|
2725|Haken|
2726|Bewohner|
2727|ahnungslos|
2728|entschuldigt|
2729|Stubenarrest|
2730|hole|
2731|warf|
2732|Mist|
2733|verheddert|
2734|kaputtem|
2735|begriff|
2736|zerbrochene|
2737|gestoßen|
2738|angeknotet|['an geknotet', 'angeglotzt', 'angegurtet', 'angekettet', 'angeknöpft', 'angähntet', 'anknotet', 'aufgeknotet', 'eingeknotet', 'geknotet', 'zugeknotet', 'angekotzt']
2739|Seilrolle|
2740|klappte|
2741|lag|
2742|Fensterrand|
2743|Stuntman|
2744|Fensterbrett|
2745|Freunds|
2746|gestern|
2747|befestigte|
2748|kräftigen|
2749|Schups|['Schubs', 'Schutz', 'Schulz', 'Schuss', 'Schubse', 'Schub', 'Schubst', 'Gips', 'Schwups', 'Guss', 'Schütz', 'Schuhs', 'Gabs', 'Schurz', 'Gab', 'Schübe', 'Gibt', 'Guts', 'Ganz']
2750|tu|
2751|Scheibenkleister|
2752|Teddygondel|['Teddymantel']
2753|Drachenschnur|
2754|knotet|
2755|Das|
2756|Teddybären|
2757|Rohr|
2758|verknotete|
2759|Splitter|
2760|Dame|
2761|rollt|
2762|Prinzessin|
2763|chaotische|
2764|festgebunden|
2765|picknicken|
2766|durfte|
2767|entschuldigen|
2768|abgestürzt|
2769|durften|
2770|Knoten|
2771|reingekracht|
2772|erwiderte|
2773|verdammten|
2774|beruhigten|
2775|starken|
2776|verlor|
2777|Kreppband|
2778|Kaffee|
2779|wackelig|
2780|Misses|['Miss es', 'Risses', 'Missen', 'Bisses', 'Maßes', 'Mieses', 'Missens', 'Misse', 'Mistes', 'Missest', 'Dieses', 'Wissen', 'Müssen', 'Masse', 'Müsse', 'Maße', 'Messe', 'Messen', 'Messer', 'Misst']
2781|unglücklich|
2782|Tesafilm|
2783|Waggon|
2784|eingekracht|['ein gekracht', 'eingebracht', 'eingeprägt', 'eingeklagt', 'reingekracht', 'eingebrachte', 'eingerückt', 'eingekocht', 'eingepackt', 'eingeprägte', 'eingedacht', 'eingehackt', 'eingeklagte', 'eingekraust', 'eingemacht', 'eingesackt', 'eingesargt', 'einkracht', 'hingebracht', 'reingebracht']
2785|abgegangen|
2786|fielen|
2787|Spielzeug|
2788|Missgeschick|
2789|letztens|
2790|Warum|
2791|erstmal|
2792|zählte|
2793|entschuldigten|
2794|Kabinenbahnunglück|
2795|Kabinenbahn|
2796|gegenseitig|
2797|zerbrochenen|
2798|sagten|
2799|Bewohnerin|
2800|festgemacht|
2801|perfekt|
2802|knotete|
2803|rasen|
2804|spannen|
2805|Kreide|
2806|ausgesehen|
2807|leider|
2808|Wagonunfall|['Wagenunfall', 'Wagenunfalls', 'Wagenunfälle']
2809|brilliante|['brillante', 'brillant', 'brillanten', 'brillanter', 'brillierte', 'brillantes', 'Trilliarde', 'brillantem']
2810|Seilbahnmaschine|
2811|Toilette|
2812|zugeworfen|
2813|befestigen|
2814|Gefängnis|
2815|Panik|
2816|teure|
2817|rüberzuschieben|
2818|Kante|
2819|deshalb|
2820|ohnmächtig|
2821|Flohmarkt|
2822|veranstalten|
2823|schickte|
2824|Warst|
2825|reingesetzt|
2826|gerollt|
2827|Teddybärfahrt|['Teddybär fahrt']
2828|lockert|
2829|Veranda|
2830|Lieblingsteddy|
2831|fühlen|
2832|schuldig|
2833|verwirrte|
2834|Zimmerverbot|
2835|weit|
2836|Fensters|
2837|deinen|
2838|tue|
2839|nah|
2840|Garten|
2841|Korb|
2842|Schlamm|
2843|schwenken|
2844|verdammt|
2845|stürzte|
2846|ersetzt|
2847|wohnen|
2848|Währenddessen|
2849|angenommen|
2850|lebten|
2851|Nachbarn|
2852|Was|
2853|Kabine|
2854|Gesichtsausdruck|
2855|Lass|
2856|klappen|
2857|rutschen|
2858|Glasscheibe|
2859|Scherben|
2860|wickel|
2861|tragisch|
2862|Teddybärunfall|['Teddybären-all', 'Teddybären-fall']
2863|Teddy-Stuntman|
2864|Glasscherben|
2865|wickelte|
2866|mini|
2867|hakte|
2868|stürze|
2869|sauste|
2870|hinunter|
2871|öffneten|
2872|Band|
2873|Fensterscharniere|
2874|Scharniere|
2875|Matinelli|[]
2876|riefen|
2877|Tweety|['Tweed', 'Tweeds', 'Tweet', 'Tweets', 'Teeny']
2878|Sparschwein|
2879|zerfällt|
2880|ehrlich|
2881|packst|
2882|Bär|
2883|zersplitterte|
2884|warst|
2885|ausprobiert|
2886|beste|
2887|Hängebahn|
2888|Anstatt|
2889|Schreckliches|
2890|unfair|
2891|kaputtes|
2892|lächelnde|
2893|gefährliche|
2894|Gestern|
2895|Knie|
2896|Angstschweiß|
2897|ärgerlich|
2898|Nachbars|
2899|klären|
2900|geöffnetes|
2901|Fernsehen|
2902|Entdeckerzone|
2903|ausrichten|
2904|Lieblingsteddybären|
2905|jippie|
2906|wackeliger|
2907|ungewöhnliche|
2908|Gefahr|
2909|beängstigend|
2910|Binde|
2911|Nachbarsfenster|['Nachbarfenster', 'Nachbarsüdfenster']
2912|splitterte|
2913|Wagonfahrt|['Wagon fahrt', 'Wagenfahrt', 'Davonfahrt', 'Wagenfähre', 'Davonfährt']
2914|reparieren|
2915|Augenblick|
2916|verklemmt|
2917|Fenstergriff|
2918|schmetterten|
2919|runterfahren|
2920|tot|
2921|blutverschmiert|
2922|rumliegt|
2923|veranstaltet|
2924|glückliches|
2925|Scheiben|
2926|Plüschbär|
2927|verlängert|
2928|übernachtet|
2929|Spielzeugwagon|
2930|Aufbauen|
2931|Abend|
2932|umgewickelt|
2933|Gondeln|
2934|Schlafzimmer|
2935|blass|
2936|unkontrollierte|
2937|straff|
2938|geriet|
2939|Lieblingsteddybär|
2940|Schluck|
2941|Zauberei|
2942|Fangen|
2943|Wollfaden|
2944|verzeihen|
2945|eure|
2946|Eltern|
2947|Lena|
2948|ruck|['Ruck', 'rück', 'Druck', 'rückt', 'Puck', 'rücke', 'guck', 'zuck', 'Guck', 'Truck', 'bück', 'druck', 'reck', 'rucke', 'ruckt', 'zück', 'Buck', 'Buick', 'auch']
2949|zuck|
2950|zerbrach|
2951|Polizei|
2952|befestigten|
2953|Seilbahnkabine|
2954|PENG|
2955|gelockert|
2956|spannten|
2957|gespannte|
2958|knackste|
2959|zerdepperte|
2960|Mitbewohnerin|
2961|kurze|
2962|ooh|['oho', 'so', 'wo', 'roh', 'oh', 'Co', 'Go', 'Joh', 'Po', 'Roh', 'eo', 'von', 'noch', 'vom', 'vor', 'ohne', 'doch', 'oft', 'zog', 'Sohn']
2963|versteckten|
2964|Dadraus|
2965|sowieso|
2966|fängst|
2967|Teddywagen|['Teddy wagen', 'Teddybären', 'Testwagen']
2968|hart|
2969|Erschrocken|
2970|schmeiße|
2971|gut|
2972|olle|
2973|Sicherheit|
2974|versprachen|
2975|Seilkabine|
2976|geliehen|
2977|Holzstück|
2978|Befestige|
2979|streckte|
2980|Nachbarfensterbank|
2981|Schwebebahn|
2982|Irgendwann|
2983|Blick|
2984|verblüfft|
2985|Todeszug|
2986|Saw-Puppe|['Bar-Puppe', 'Bau-Puppe', 'Gas-Puppe', 'Mai-Puppe', 'Maß-Puppe', 'Näh-Puppe', 'Rad-Puppe', 'Sach-Puppe', 'Saft-Puppe', 'Salz-Puppe', 'Sand-Puppe', 'Sarg-Puppe', 'Satz-Puppe', 'Saug-Puppe', 'See-Puppe', 'Seh-Puppe', 'Ski-Puppe', 'Spam-Puppe', 'Spar-Puppe', 'Spaß-Puppe']
2987|shit|['Shit', 'seit', 'seid', 'zeit', 'mit', 'sie', 'sind', 'hat', 'sein', 'Zeit', 'hin', 'sei', 'somit', 'zeigt', 'weit', 'zählt', 'sagt', 'samt', 'spät', 'Ohio']
2988|Bambus|
2989|sammeln|
2990|happy|
2991|geschickten|
2992|unsere|
2993|Lift|
2994|löste|
2995|Tesa|['Thema', 'Des', 'Tesla', 'Theta', 'Thea', 'Gesa', 'Tessa', 'Reza', 'Der', 'Test', 'Den', 'Theas', 'Das', 'These', 'Dem', 'Dass', 'Theia', 'Es', 'Diese', 'Etwa']
2996|erzählte|
2997|Kreuzung|
2998|wärst|
2999|WAU|['IAU', 'VAE', 'VAG', 'GAU', 'WAN', 'VA', 'WAZ', 'AG', 'CDU', 'EU', 'VfB', 'WM', 'CSU', 'SA', 'VW', 'VfL', 'WDR', 'CPU', 'FU', 'RAF']
3000|Backen|
3001|Mädchens|
3002|Suchplakate|
3003|geschossen|
3004|bittet|
3005|Dienstag|
3006|Neuigkeiten|
3007|hing|
3008|aßen|
3009|aufhängte|['aufhing', 'auf hängte', 'aufhängt', 'aufhänge', 'aufdeckte', 'aufgehängte', 'aufhängen', 'auflegte', 'aufzeigte', 'auffängt', 'abhängte', 'aufbeugte', 'aufdrängte', 'aufdüngte', 'auffegte', 'aufhackte', 'aufheizte', 'aufhellte', 'aufhetzte', 'aufheulte', 'aufhinge']
3010|zurückkehrte|
3011|ungeduldig|
3012|aufgeheitert|
3013|ne|['nein', 'eine', 'oder', 'der', 'und', 'den', 'des', 'dem', 'bei', 'nur', 'de', 'ins', 'je', 'neu', 'nun', 'sei', 'New', 'her', 'nie', 'eng', 'per', 'uns', 'ans']
3014|bedrückter|
3015|Traurig|
3016|geliebten|
3017|reingelassen|['hereingelassen']
3018|circa|
3019|geredet|
3020|durchgeleckt|['durch geleckt', 'durchgeblickt', 'durchgecheckt', 'durchgefickt', 'durchgeguckt', 'durchgeklickt', 'durchgesackt', 'durchgesteckt', 'durchgezecht', 'durchklickt', 'durchgelocht', 'durchgezockt']
3021|Sieht|
3022|gebe|
3023|TIPPS|
3024|bedeutet|
3025|beendet|
3026|lauf|
3027|schimpfte|
3028|anfing|
3029|Schrottplatz|
3030|Namen|
3031|Geruch|
3032|geschehen|
3033|Kleinigkeit|
3034|Fressnäpfchen|
3035|fröhlicher|
3036|Tesastreifen|['Teststreifen', 'Gazastreifen', 'Gesamtreifen', 'Gesäßreifen', 'Gesäß-reifen', 'Messstreifen', 'Teeartreifen', 'Teststreifens', 'Testreifen', 'Textstreifen', 'Testartreifen', 'Genastreifen', 'Käsestreifen', 'Feststreifen', 'Weststreifen', 'Reststreifen', 'Teestreifen', 'Gesäßstreifen', 'Lesestreifen', 'Wegastreifen']
3037|entgegen|
3038|Gesucht-Bilder|
3039|gewusst|
3040|weggewischt|
3041|Freundinnen|
3042|tutet|
3043|Wash|['Cash', 'Was', 'Hash', 'Wach', 'Vase', 'Wasch', 'Das', 'Dass', 'War', 'Nach', 'Dazu', 'Fast', 'Sah', 'Wahl', 'Van', 'Rasch', 'Wäre', 'Bach', 'Jazz', 'Wald']
3044|trösten|
3045|einverstanden|
3046|erinnerte|
3047|Retriever|
3048|heulend|
3049|vorm|
3050|Oma|
3051|Lieblingsleckerli|
3052|letzter|
3053|Rückkehr|
3054|starrte|
3055|verschwindende|
3056|kopiert|
3057|kullern|
3058|zurückkommt|
3059|aufzuschreiben|
3060|fröhliches|
3061|Gesicht|
3062|umarme|
3063|entzückt|
3064|Vermisstenzettel|['Vermissten zettel']
3065|abgewartet|
3066|glaubt|
3067|getrennt|
3068|fassen|
3069|dazu|
3070|emotionaler|
3071|zügig|
3072|verpassen|
3073|Riesenlollipop|[]
3074|gemalt|
3075|Magen|
3076|Spazierengehen|
3077|Trotzdem|
3078|tanzend|
3079|Lieblingsfressen|['Lieblings fressen', 'Liebling-fraßen', 'Lieblingsessen', 'Liebling-pressen', 'Lieblings-essen', 'Lieblingspfadessen', 'Lieblingsuferessen']
3080|schleunigst|
3081|ersehnte|
3082|"""""""Missing""""-Plakate"""|['„']
3083|"""""""Missing""""-Poster"""|['„']
3084|Ratten|
3085|Freudenhüpfer|
3086|stürmte|
3087|halben|
3088|Erdbeerlollipop|[]
3089|mehrere|
3090|rate|
3091|schlechter|
3092|Wahrheit|
3093|gierig|
3094|genau|
3095|wuffwuff|['wuff wuff']
3096|schreckliche|
3097|Gebell|
3098|soviel|
3099|aufgesprungen|
3100|bye|
3101|dankbar|
3102|zugestoßen|
3103|Bye|
3104|Hundebellen|['Hunde bellen', 'Hundefellen', 'Erntebällen', 'Hund-ballen', 'Hundefällen', 'Hund-fällen', 'Hund-peilen', 'Hund-perlen', 'Hundefelle', 'Hund-prellen', 'Hundefelsen', 'Hund-wellen', 'Hundefälle', 'Hundekehlen', 'Hundeellen', 'Hundewelpen', 'Bundesellen', 'Hundewelten', 'Kundenellen', 'Wunderellen']
3105|Nicht|
3106|Hmm|['Mm', 'Hamm', 'Hemm', 'Häm', 'Qmm', 'Hm', 'Im', 'Dem', 'Am', 'Um', 'Zum', 'Vom', 'Hat', 'Ihm', 'Kam', 'Km', 'Amt', 'Cm', 'Hin', 'Rom']
3107|Hi|
3108|Katze|
3109|dagegen|
3110|Trauertränen|['Trauer tränen', 'Trauerbienen', 'Trauerkränzen', 'Trauermienen']
3111|heult|
3112|Tomatensoße|
3113|Spaghetti|
3114|bezahlst|
3115|stirbt|
3116|blicken|
3117|Zuckerapfel|
3118|Montagmorgens|
3119|montagmorgens|
3120|Zusammen|
3121|Abends|
3122|Freudenträne|
3123|schlimmste|
3124|Vermisstplakaten|['Vermisst Plakaten']
3125|Weitem|
3126|weinst|
3127|Ach|
3128|lächelnd|
3129|Freudenanruf|
3130|blendend|
3131|Siehst|
3132|fünften|
3133|Vermisstenblätter|['Vermissten blätter']
3134|Strickzettel|
3135|Woche|
3136|OB|
3137|selbstgemachte|
3138|darum|
3139|Überschrift|
3140|gefüllt|
3141|herauskam|
3142|Farbe|
3143|10000-mal|
3144|jemals|
3145|drückte|
3146|selbstgemalte|
3147|gegeneinander|
3148|Anrufer|
3149|sprach|
3150|Stöckchen|
3151|aufzumuntern|
3152|Ungefähr|
3153|nutzte|
